43.3252,-1.97209
43.24987,-2.93956
43.39062,-2.6947
43.31582,-2.00394
43.31478,-1.98734
43.31631,-1.98617
43.31679,-1.98624
43.40585,-2.94824
43.26317,-2.94752
43.2971,-1.86289
43.32412,-1.97071
43.32442,-1.98384
43.41362,-2.93662
43.38659,-2.63097
43.32489,-1.98353
43.31274,-2.00474
43.32466,-1.98436
43.15336,-2.61773
43.26258,-2.9433
43.26456,-2.94349
43.15173,-2.61799
43.15249,-2.61748
43.1538,-2.61728
43.31542,-2.00173
43.32352,-1.98504
43.30991,-2.00161
43.29081,-2.3562
43.38766,-2.91995
43.3253,-1.97295
43.31999,-1.98
43.38163,-2.98344
42.97479,-3.01849
42.74912,-2.44388
43.31326,-1.98132
43.34859,-2.56768
43.36252,-2.50608
43.32356,-1.92965
43.26914,-2.9288
43.40016,-2.75902
43.32475,-1.97214
43.31642,-1.95089
43.26785,-2.93253
43.32112,-1.97396
43.36752,-1.79215
43.31365,-1.985
43.30588,-2.05616
43.30589,-2.05531
43.30387,-2.05435
43.31799,-3.01304
43.32399,-1.98064
42.84649,-2.67074
43.31042,-1.99287
43.22432,-3.02308
43.30936,-1.98655
43.31251,-2.00065
43.30593,-2.38728
43.39866,-2.63521
43.30996,-2.00015
43.318085,-1.982051
43.25112,-3.37244
43.27118,-2.9266
43.32247,-1.97507
43.31432,-2.00275
43.28515,-2.32611
43.31442,-2.67693
43.27331,-2.94892
43.25892,-2.91867
43.25063,-2.93344
43.25742,-2.9242
43.31458,-1.98719
43.31486,-2.00157
43.32219,-1.98418
43.33665,-3.00109
43.24973,-2.93428
43.31504,-1.98332
43.28814,-2.1264
43.24846,-2.93289
42.8441,-2.66841
43.30588,-2.68651
43.30213,-2.20539
43.32767,-1.96953
42.84346,-2.67131
43.31302,-1.90139
43.3032,-2.36471
43.25797,-2.92556
43.32379,-1.97739
42.8383,-2.66674
43.3055,-2.03862
43.30502,-2.04034
43.28412,-2.17102
43.31897,-1.97007
43.26079,-2.91529
43.36336,-3.00882
43.26043,-2.93003
43.3682,-2.61135
43.36839,-2.6155
43.36728,-2.61415
43.36971,-2.61368
43.3225,-1.97859
43.24691,-1.99455
43.21736,-3.33746
43.22128,-3.33348
43.31748,-1.98149
43.27473,-3.2705
43.369328,-1.793148
43.256,-2.92127
43.2558,-2.92362
43.30636,-1.97638
43.38132,-2.58145
43.30934,-2.39472
43.30553,-1.97742
43.32146,-1.97412
43.10217,-2.90268
43.33035,-2.53114
43.28811,-1.80154
43.25486,-2.92255
43.26875,-2.95461
43.30781,-2.38762
43.2872,-2.16307
43.32387,-1.98166
42.84299,-2.66823
43.25905,-2.93197
43.31456,-1.90508
43.26872,-2.95448
43.26872,-2.95448
42.84828,-2.67524
43.32013,-1.95251
43.26872,-2.95448
43.36445,-2.50255
43.23609,-3.2136
43.31365,-1.98314
43.26872,-2.95448
43.30359,-2.36329
43.36315,-2.50469
42.94748,-2.83326
43.30354,-2.20378
43.31125,-2.00928
43.31337,-2.00393
43.31189,-3.086
43.26718,-2.93396
43.32281,-1.96771
43.2877,-1.98909
43.17973,-2.27211
43.30763,-2.38535
43.2935,-1.85757
43.31287,-2.00122
43.36294,-2.50904
43.30994,-1.98046
43.35653,-2.6234
43.26865,-2.03454
43.39905,-2.93948
43.31714,-1.98584
43.36023,-3.01521
43.31546,-1.98606
43.31975,-3.01832
43.35046,-3.08157
43.3005,-2.2017
43.29048,-1.99104
42.84084,-2.58364
42.84002,-2.58505
43.28304,-2.96223
43.25593,-2.92148
43.3141,-2.00359
43.32385,-2.42257
43.42043,-2.81432
43.41953,-2.72128
43.32109,-1.98297
43.32525,-1.9854
43.32472,-1.9853
43.32436,-1.96391
43.28675,-2.1271
43.31945,-1.98041
43.31721,-1.98508
43.31855,-1.95941
43.24752,-1.99537
43.31459,-1.98054
43.31893,-1.97966
43.22491,-2.96457
43.31398,-1.97944
43.32268,-1.98192
43.25718,-2.92754
43.25888,-2.92407
43.32787,-1.97041
43.32344,-1.98533
43.32076,-1.98111
43.37425,-3.01449
42.83975,-2.58552
43.25438,-2.92219
43.26066,-2.92967
43.28724,-1.99865
43.25717,-2.92373
43.32097,-1.98144
43.27272,-2.94699
43.2573,-2.9245
43.32633,-3.00799
43.31912,-2.0071
43.31021,-1.96686
43.25599,-2.92024
43.30038,-2.98524
43.32793,-3.00816
43.2878,-2.16302
43.25531,-2.92213
43.31444,-1.98637
43.28251,-2.91744
43.28251,-2.91744
43.28251,-2.91744
43.28251,-2.91744
43.28251,-2.91744
43.28251,-2.91744
43.25182,-2.93239
42.84292,-2.66825
43.31755,-1.98521
43.2535,-2.93289
43.3852,-2.69081
43.11015,-2.59849
43.31442,-1.99928
43.30869,-1.98076
43.25817,-2.92242
43.30424,-1.98142
43.24182,-3.17684
43.04268,-2.25915
43.04155,-2.2596
43.30388,-1.98317
42.52029,-2.51055
42.52062,-2.51075
43.31135,-1.98872
43.30625,-1.84848
43.31796,-1.97918
43.28568,-2.17752
42.84534,-2.67214
43.26584,-2.92519
43.31478,-1.98885
42.99492,-2.56313
43.13437,-2.62497
42.92216,-2.57807
43.25947,-2.92218
43.29768,-2.25736
43.35006,-1.81507
43.39212,-2.69661
42.84792,-2.66685
43.2651,-2.92295
43.40748,-2.9172
42.8513,-2.67451
43.32302,-1.98287
43.28653,-2.17035
43.31579,-1.98852
43.33715,-1.77715
43.28692,-2.1698
43.32491,-1.95898
43.383,-2.9781
42.97509,-2.74017
43.25848,-2.931
43.31003,-1.9889
43.31282,-2.00181
43.31521,-1.98024
42.59114,-2.79473
42.85029,-2.66066
43.32354,-1.97457
42.8331,-2.69528
43.31479,-2.00242
42.99464,-2.56298
43.35831,-2.88118
43.33253,-2.53135
43.25538,-2.23773
43.30242,-2.20765
42.998,-2.19094
43.31953,-1.98464
43.25509,-2.92421
43.32454,-1.98411
43.32435,-1.98298
43.25283,-2.92914
43.17367,-2.10922
43.27687,-2.12786
43.32294,-1.97579
43.31452,-1.98218
43.32257,-1.96
43.32257,-1.96
43.31432,-2.00247
43.3158,-2.0034
43.32161,-1.98486
42.5692,-2.41416
43.2891,-2.19179
43.32293,-1.9732
43.32295,-1.97713
43.28766,-2.12704
43.31849,-1.98336
43.13491,-2.7851
42.59166,-2.79494
43.25862,-2.92516
43.32307,-1.98259
43.04192,-2.65487
43.32197,-1.97759
43.26311,-2.94298
43.37617,-1.80544
43.26891,-2.03394
43.40761,-2.69773
43.31702,-2.00816
43.32523,-1.97313
43.31809,-1.98161
43.31464,-1.98939
43.30653,-2.05981
43.27736,-2.12575
43.31274,-1.98053
43.31396,-2.00304
43.36196,-2.51009
43.29906,-2.2566
43.32048,-1.98291
43.31962,-1.97462
43.33563,-1.82031
43.2573,-2.92872
43.29946,-2.2572
43.25647,-2.92473
43.25819,-2.92564
43.25776,-2.92483
43.25813,-2.92609
43.31406,-2.0028
42.59109,-2.79603
43.29207,-2.25853
43.36835,-2.50551
43.31613,-1.98614
43.32321,-1.97381
42.97362,-2.73993
43.40704,-2.69942
43.31221,-1.98221
43.31773,-2.02774
43.33671,-1.8192
43.24862,-1.99168
42.73144,-2.48118
43.31833,-1.98249
43.31257,-1.98302
43.28637,-2.16091
43.28449,-2.15871
43.25251,-2.92494
43.24727,-1.99185
43.24802,-1.99292
43.24651,-1.99283
43.32235,-1.94129
43.31675,-1.96753
43.32436,-1.96391
43.24692,-1.99116
43.36537,-1.79319
43.00848,-2.25224
43.34963,-1.81401
43.3179,-1.96743
43.31862,-1.97167
43.32293,-1.9716
43.31393,-2.0055
43.30695,-2.0593
43.3143,-1.99239
43.32345,-1.98314
43.32373,-1.98294
43.32569,-1.98464
43.32431,-1.9865
43.3853,-2.69061
43.08186,-3.0712
43.04215,-2.2598
43.28546,-2.16955
43.32446,-1.98498
43.25461,-2.93578
43.35668,-3.00962
43.25846,-2.9243
43.25882,-2.95482
43.3832,-2.99153
43.30144,-2.97348
43.30626,-1.98124
43.32328,-1.98218
43.26828,-2.92458
43.30987,-1.99693
43.25636,-2.93706
43.25842,-2.92521
43.40553,-2.69758
43.40693,-2.69657
43.3155,-2.41172
43.30804,-1.97886
43.3275,-1.96997
43.39285,-2.69774
43.31302,-1.98536
43.25599,-2.23606
42.52403,-2.40938
43.28976,-1.99041
43.39032,-2.99033
42.84336,-2.66231
43.32472,-1.98649
43.31167,-1.9818
43.19384,-2.098
43.25875,-2.92436
43.28096,-2.16722
43.31302,-1.98674
43.32305,-1.98789
43.31165,-1.98621
43.32029,-1.96987
43.25702,-2.92323
43.32957,-3.01008
43.32813,-1.93275
43.31769,-1.98517
43.35581,-3.00374
42.87892,-3.17218
43.32315,-1.96869
43.35591,-3.01488
43.40626,-2.70041
43.32183,-1.98594
43.32326,-1.97113
43.31478,-1.98709
43.32289,-1.9812
43.04883,-2.08891
42.8439,-2.66986
42.97843,-2.67411
43.32525,-1.92232
42.84206,-2.67226
43.16923,-2.66676
42.55165,-2.58835
43.40441,-2.94415
43.33711,-1.82989
43.28237,-2.16708
43.30781,-1.89092
43.25953,-2.9438
43.03077,-2.48866
43.32214,-1.97015
43.31156,-2.00729
43.42909,-2.81277
43.32321,-1.98568
43.3093,-1.96593
43.32186,-1.98662
43.31218,-1.97159
43.25544,-2.93705
43.32507,-1.97332
42.86116,-2.27808
43.34005,-1.80654
43.25746,-2.92531
43.30607,-1.90843
43.30446,-2.20286
43.31946,-1.98121
43.3189,-1.98167
43.3189,-1.98167
43.2932,-2.99138
43.31669,-1.9854
43.30479,-1.979
42.86737,-2.54175
43.32684,-2.85462
43.32055,-2.41961
43.32615,-1.92325
43.38252,-2.69935
43.3166,-1.97352
42.84024,-2.51082
43.25862,-2.92455
43.25663,-2.94129
42.86924,-2.54065
42.86797,-2.5419
42.55285,-2.58492
42.55349,-2.58441
42.55329,-2.58545
42.55304,-2.5863
42.5534,-2.58476
43.31877,-1.98097
43.31906,-1.98084
43.31667,-2.0026
43.3262,-1.91854
42.80729,-3.04299
43.31529,-2.00466
43.31454,-2.00216
43.27969,-2.98623
43.36169,-2.50816
43.31056,-2.00464
43.32462,-1.97021
43.27202,-1.79599
43.25651,-2.92865
43.24445,-2.92458
43.0985,-2.77271
43.37194,-2.50525
43.4314,-2.81155
43.28382,-2.17421
43.28172,-2.17613
43.26121,-2.92476
43.40655,-2.70049
43.2402,-3.21441
43.32321,-1.98101
43.25763,-2.92552
43.21461,-3.34778
43.28236,-2.99072
43.2446,-2.18096
42.84083,-2.63447
43.38209,-1.7976
43.25665,-2.91798
43.31285,-2.0004
42.5473,-2.66746
43.24809,-1.99145
42.55291,-2.5841
43.32447,-1.97462
43.29572,-2.25943
43.32298,-1.97168
43.25879,-2.94643
43.32389,-1.92908
43.31447,-2.00127
43.25863,-2.9244
43.27631,-2.12888
43.35695,-3.00536
43.40921,-2.69988
43.3888,-2.6234
43.32326,-1.97756
43.3888,-2.6234
43.31139,-2.00776
43.2145,-2.14415
43.01637,-2.50545
43.31739,-2.00829
43.40759,-2.69894
42.86875,-2.5412
43.28441,-2.17285
43.29062,-2.14821
42.65605,-2.50792
43.316963,-1.980664
43.31462,-1.97937
43.32094,-1.9551
43.28531,-2.17042
43.32409,-1.97051
43.25343,-2.90996
43.36356,-1.79165
43.30603,-1.98027
43.30736,-2.01667
43.31246,-2.00415
43.3201,-1.97988
43.3224,-1.98465
43.31702,-1.92675
43.28096,-2.16722
43.2723,-1.79553
42.85013,-2.67271
43.37274,-1.81089
43.250298,-2.016539
43.28669,-2.16639
43.30082,-2.25486
42.58735,-2.79102
42.84038,-2.68461
43.25713,-2.91719
43.2582,-2.91858
43.36021,-2.50439
43.31922,-2.03071
43.36355,-2.99232
43.34763,-2.6411
43.31562,-1.84427
43.34162,-2.81182
43.25716,-2.91922
43.25777,-2.91808
43.39274,-2.98688
43.43222,-2.79801
43.3454,-2.64065
43.32505,-1.97301
43.31778,-1.98146
43.26467,-2.91797
43.25425,-2.90983
43.32485,-1.98461
43.31748,-1.98027
43.39342,-2.6958
43.31004,-1.98047
43.2867,-2.17577
43.31493,-1.98727
42.96504,-2.75445
43.31612,-1.98636
43.25241,-2.92374
43.31298,-2.00455
43.27304,-1.81407
43.25803,-2.92152
43.30316,-2.05509
43.30128,-2.05511
42.73872,-2.44541
42.49444,-2.57534
42.84909,-2.67264
43.36399,-1.79209
43.40681,-2.69842
43.36348,-2.87204
43.31274,-2.01528
43.32522,-1.98411
43.31452,-1.98044
43.42096,-2.71992
43.40386,-2.70313
43.31274,-2.01528
43.19226,-2.05903
43.31341,-1.97275
43.40158,-2.63914
43.31541,-1.9816
43.25913,-2.91829
43.32282,-1.98792
43.32379,-1.98655
43.32314,-1.98592
43.32396,-1.98587
43.3238,-1.986
43.32373,-1.98519
43.244778,-1.993623
43.31939,-1.98341
43.32231,-1.98646
43.36181,-2.49608
43.43195,-2.81218
43.15253,-2.739
43.36114,-2.50487
43.31314,-1.99876
43.36233,-2.56349
43.30547,-1.97679
42.80574,-2.90675
43.30395,-2.00136
43.32615,-1.97203
43.26886,-2.92567
42.84232,-2.67213
42.59137,-2.79386
43.31049,-1.97946
43.30217,-2.00542
43.36322,-1.79167
43.28822,-2.12505
43.29665,-1.97426
43.26562,-2.92226
43.28691,-2.16379
43.33762,-1.77778
43.28602,-2.17553
43.38637,-2.99825
43.24703,-1.99176
43.3213,-3.02458
43.15731,-2.67142
43.3214,-1.94413
43.3245,-1.96447
43.2572,-2.92826
42.86225,-2.27833
42.86134,-2.27726
42.86291,-2.2779
42.86135,-2.27709
42.80325,-2.98491
42.80326,-2.98493
42.80322,-2.98486
43.38237,-2.57782
43.26469,-2.95109
43.33391,-1.92254
43.31937,-1.98014
43.29845,-2.25806
43.31349,-1.9818
43.32323,-1.97365
43.25808,-2.91745
43.39086,-2.96831
43.36178,-2.50637
43.24825,-1.99291
43.18199,-2.64091
43.32283,-1.97525
43.24711,-1.99302
43.30884,-2.016
43.32292,-1.99192
43.31745,-1.97566
43.25784,-2.92542
43.29595,-2.25692
43.29715,-1.97309
43.29517,-1.97367
43.29747,-1.97472
43.36773,-1.79518
43.30953,-2.00942
43.32269,-1.98546
42.85284,-2.67257
43.04721,-2.0708
43.07909,-3.04494
43.31948,-1.98021
43.312386,-2.00492
43.27994,-2.97487
43.26446,-2.94894
43.3683,-1.79514
42.85569,-2.65989
43.32494,-1.97331
43.36258,-1.79199
43.25226,-2.91171
43.26224,-2.92231
43.32354,-1.9745
43.32308,-1.97478
43.28527,-2.17554
43.26787,-2.91998
43.31152,-2.38224
43.32326,-1.97449
43.25671,-2.92487
43.30792,-1.88463
43.31455,-1.99272
42.54817,-2.6671
43.36696,-1.79303
42.79917,-2.90994
43.27285,-3.1585
43.25664,-2.91619
43.31397,-1.98924
42.79938,-2.90981
43.33191,-2.99587
43.32195,-1.97354
43.32254,-1.97497
43.32359,-1.97666
43.38441,-2.70098
42.85043,-2.67558
43.31565,-1.98583
43.24863,-2.96293
43.23708,-2.14725
43.32171,-1.96909
43.32245,-1.97382
43.32057,-1.98432
43.31486,-1.98527
43.36966,-2.63711
43.32413,-1.9751
43.35394,-2.84947
43.28427,-2.17005
43.37331,-1.79663
43.28692,-2.27025
43.31825,-1.98381
43.3124,-1.9999
43.32443,-1.97554
43.17199,-2.60022
43.26343,-2.93169
43.23011,-3.35661
43.22965,-3.35487
43.22955,-3.35687
43.22937,-3.35559
43.23077,-3.35546
43.23094,-3.35508
43.22891,-3.35478
43.23102,-3.35619
43.33651,-1.83969
43.31167,-1.95196
43.35235,-3.01823
43.2656,-1.97378
43.25845,-2.92248
43.36312,-2.50303
43.06577,-2.48462
43.30993,-1.99922
43.28692,-2.27025
43.3099,-1.95416
43.27059,-2.9502
43.3065,-2.38516
43.30108,-2.92575
43.28251,-2.91744
43.30858,-1.9801
43.29665,-2.25681
43.32044,-1.97117
43.31573,-1.98808
43.04254,-2.6545
43.31454,-1.98022
43.322,-1.97122
42.8519,-2.65888
43.4086,-2.94306
43.22877,-3.35531
43.34,-1.78296
43.32502,-1.98229
43.33917,-1.78358
43.25711,-2.92518
43.31429,-2.00081
43.30195,-2.20639
43.30754,-2.00748
43.4121,-2.94326
43.32555,-3.01335
43.26872,-2.95448
43.28555,-2.1703
43.31326,-1.98055
43.31998,-1.98048
43.32445,-1.97072
43.32184,-1.98609
43.33508,-3.00273
43.42112,-2.73018
43.40615,-2.9477
43.25705,-2.92484
43.3102,-1.95229
43.25827,-2.92396
43.31424,-1.90552
43.43124,-2.81148
43.38722,-2.6314
42.75009,-2.40186
43.26127,-2.93908
43.32524,-3.01369
43.15782,-2.80623
42.85605,-2.67329
43.41405,-2.937
43.30376,-1.97093
43.31188,-1.98101
43.31794,-1.98117
43.25991,-2.92279
43.31201,-2.00817
43.32315,-1.98294
42.58943,-2.79573
43.18515,-2.2725
43.31723,-1.98106
42.97924,-2.39393
43.2858,-2.16369
43.09414,-3.06754
43.31861,-1.9832
43.32585,-1.97268
43.32314,-1.97759
43.31595,-1.98085
43.32527,-1.97156
42.57792,-2.49555
43.32371,-1.97708
43.3154,-1.98733
43.40401,-2.94499
43.33774,-3.00813
42.57751,-2.49539
43.3051,-1.97825
42.84901,-2.70111
43.09448,-3.06714
42.57676,-2.49419
42.97943,-2.39287
43.34811,-2.56836
43.31931,-1.98213
43.36541,-2.50273
43.31925,-1.95709
43.32521,-1.97473
43.35531,-2.96626
43.20051,-2.5132
43.283,-2.18779
43.31099,-1.98884
43.13473,-2.67072
43.13317,-2.66865
43.28279,-2.17628
43.32448,-1.97742
43.3045,-1.97819
43.36423,-1.79163
43.28717,-2.12594
43.37001,-1.80071
43.32395,-1.9685
43.28254,-2.17453
43.34521,-3.00704
43.32388,-1.98419
43.32384,-1.98162
43.32477,-1.97371
43.32308,-1.97487
43.28226,-2.17454
43.39126,-2.63276
43.40987,-2.70311
43.28063,-2.32512
43.27353,-2.9466
43.31607,-1.9872
43.3418,-2.52809
43.31213,-2.00169
43.31015,-2.00013
43.18697,-2.46028
43.32287,-1.98583
43.31523,-1.98641
43.31458,-1.98647
43.26271,-2.92854
43.26087,-2.94254
43.39313,-2.98559
43.32355,-1.98421
43.31632,-1.98107
42.73035,-2.86037
43.26503,-2.91041
43.26551,-2.93457
43.30815,-1.97179
43.32738,-1.93364
43.26504,-2.93714
43.30029,-2.25477
43.28517,-2.17505
43.32439,-3.014
43.30164,-2.00436
43.32325,-1.97751
42.85372,-2.68674
43.28096,-2.16722
43.28385,-2.17896
43.40808,-2.6996
43.26531,-2.93657
43.32185,-1.94095
42.55454,-2.58539
43.26542,-2.93713
43.36403,-1.79264
43.31084,-2.0414
42.92218,-2.57616
43.25409,-2.92156
43.31613,-1.98437
43.32681,-3.0106
43.3618,-2.50442
43.35319,-3.01493
43.28286,-2.17549
42.56749,-2.67858
43.31508,-2.00758
43.41278,-2.93495
42.56889,-2.6786
43.32468,-1.85853
43.26182,-2.94629
42.5681,-2.67711
43.26522,-2.93251
42.84883,-2.66967
43.31041,-1.88538
43.31786,-1.97285
43.32366,-1.9817
43.41031,-2.69983
43.42117,-2.72475
43.22524,-2.96525
43.41369,-2.9361
43.36479,-1.79152
43.36455,-2.50965
43.35558,-3.00562
43.32043,-2.42025
43.36828,-1.79507
43.23648,-2.15252
43.37039,-2.92062
42.55516,-2.58467
43.29682,-1.86317
43.32194,-1.97756
42.86114,-2.69565
42.80595,-2.90874
43.36672,-1.79354
43.32496,-1.97225
42.98259,-2.66262
43.36288,-1.79122
43.35965,-3.01118
42.87177,-2.26296
43.31372,-2.94082
43.25641,-2.92743
43.367996,-1.794122
43.32277,-1.97422
43.28791,-2.16025
43.27406,-2.91671
43.36642,-1.79348
43.42917,-2.81204
42.85469,-2.68637
43.15149,-2.73746
43.25606,-2.91927
43.35234,-3.01763
43.04578,-2.10125
43.27005,-2.2805
43.25704,-2.94508
43.27908,-1.95122
43.28746,-2.1612
43.26689,-2.9173
43.3039,-2.2043
43.25585,-2.93104
43.19074,-2.52881
43.2802,-2.12559
43.39201,-2.69421
43.30449,-2.2029
43.38067,-1.80323
42.83783,-2.67495
43.2634,-2.92363
43.42908,-2.81255
43.42793,-2.81126
43.36212,-2.50747
43.31872,-1.9834
43.31668,-1.98206
43.36906,-1.79498
43.4209,-2.7216
43.38016,-2.58434
43.27174,-1.81423
43.30869,-2.00555
43.32333,-1.97284
43.31058,-2.01272
43.26442,-2.922547
43.28535,-2.1768
42.90775,-2.41679
42.90638,-2.41688
42.90623,-2.4154
43.32194,-1.98532
43.25731,-2.92592
43.26797,-2.93224
43.26423,-2.93517
43.2578,-2.92421
42.84199,-2.67088
43.35129,-3.01616
43.39268,-2.69553
43.25721,-2.93284
43.29272,-2.26018
43.36414,-1.79211
43.31749,-1.97574
43.25452,-2.936472
43.31669,-1.98744
43.25452,-2.936472
43.28211,-2.92164
43.25784,-2.92542
43.3066,-1.96724
43.25343,-2.9233
43.102104,-2.083708
42.85128,-2.66629
43.35074,-3.00696
43.1012,-2.21727
43.30991,-2.38584
43.26994,-1.97191
43.26994,-1.97191
43.26994,-1.97191
43.25901,-2.92307
43.40617,-2.67226
43.36728,-1.79209
43.40799,-2.69984
43.36484,-2.50671
43.40485,-2.70105
43.25452,-2.936472
43.31179,-1.97199
43.04769,-2.09727
43.267971,-2.926171
43.32389,-1.98081
43.25386,-2.93106
42.84717,-2.67416
43.30274,-2.97421
43.28125,-2.23232
43.32213,-1.98212
43.28477,-2.18013
43.28474,-2.18012
43.34019,-3.09285
43.42071,-2.72099
43.12601,-2.76284
43.02106,-2.37774
43.40353,-2.63936
43.25819,-2.9258
43.32544,-1.97285
43.40349,-2.63943
42.85298,-2.68239
43.2847,-2.16374
43.26457,-2.93522
43.3201,-1.98356
43.32392,-1.97443
43.40831,-2.69939
42.99621,-3.00893
43.18491,-2.27284
43.18429,-2.27136
42.88208,-3.08724
43.18334,-2.64118
43.29804,-2.65158
43.26538,-2.91928
43.26721,-2.92094
43.25217,-2.9223
43.36501,-2.50276
43.32338,-1.97447
43.38904,-2.98806
43.25293,-2.94027
42.84589,-2.70179
43.26814,-2.92112
43.25129,-2.92176
43.35379,-3.01342
43.32167,-1.97693
43.26127,-2.94045
43.40645,-2.94451
43.25475,-2.93409
43.31107,-2.38043
43.32403,-1.97767
43.32467,-1.9817
43.31812,-1.98412
43.31658,-1.98392
43.31958,-1.97575
43.32259,-1.97781
43.32198,-1.97469
43.31934,-1.98075
43.31891,-1.9808
43.31779,-1.97897
43.31834,-1.98332
43.31972,-1.98391
43.32446,-1.98616
43.31964,-1.98141
43.32026,-1.98278
43.32009,-1.97401
43.32482,-1.9836
43.31425,-2.00141
43.31823,-1.98402
43.32071,-1.98517
43.32494,-1.98785
43.32103,-1.97972
43.31699,-1.98361
43.32594,-1.97232
43.31683,-1.98691
43.31264,-1.9988
43.32358,-1.98088
43.25133,-2.90226
43.32038,-2.00724
42.84779,-2.67246
43.26536,-1.9786
42.84627,-2.67277
43.31548,-1.98595
43.3227,-1.96826
43.38136,-2.58552
42.86027,-2.69144
43.40621,-2.94244
43.2849,-2.17572
43.34935,-3.01136
43.27029,-2.49737
43.32246,-1.97395
43.28738,-2.16767
43.31544,-1.9869
43.31314,-2.00381
43.3139,-2.0022
43.3167,-1.98605
43.28593,-2.17518
43.25827,-2.92509
43.25719,-2.92738
43.3093,-1.97188
43.3242,-1.96976
43.2625,-2.93243
43.32496,-1.98282
43.34885,-2.65209
43.41692,-2.72327
43.31368,-2.00168
43.26821,-2.91716
43.40754,-2.69911
42.5657,-2.63545
43.25409,-2.47702
43.42456,-2.72317
43.36785,-1.7939
43.3176,-1.98187
43.32357,-1.9774
43.32707,-1.97158
43.25749,-2.90466
43.26069,-2.94986
43.26724,-1.97549
43.28729,-2.17298
43.32275,-1.96719
43.28729,-2.17298
43.34209,-3.00162
43.28716,-2.16325
43.39299,-2.98885
43.39405,-2.9803
43.30563,-1.96365
43.04934,-2.08982
43.05114,-2.08933
43.29599,-2.03889
43.2143,-2.14587
43.32527,-1.97243
43.25649,-2.9242
43.35282,-3.01459
43.37031,-1.79699
42.96239,-2.72873
43.26656,-2.93978
43.28461,-2.17484
42.55789,-2.58604
43.3241,-1.97739
43.2944,-2.01563
43.2628,-2.93782
43.25452,-2.936472
43.26186,-2.9395
42.85444,-2.39294
43.25971,-2.91952
43.26714,-2.93339
43.26769,-2.93286
43.26666,-2.93396
43.28015,-2.1265
43.41782,-2.808
43.31679,-1.9857
43.31494,-1.98724
43.17864,-2.30728
43.32094,-1.98422
43.37999,-1.79954
43.25484,-2.92122
43.25777,-2.93589
43.26146,-2.92851
43.28668,-2.17334
43.36026,-2.50015
43.26598,-2.107318
43.32449,-1.98846
43.26582,-2.93276
43.31853,-1.98226
43.25208,-2.92212
43.25443,-2.47548
43.36458,-1.79279
43.32327,-1.97265
43.32344,-1.98328
43.32173,-1.975
43.25228,-2.92024
43.32119,-1.97408
43.25585,-2.92355
43.32383,-1.9845
43.32542,-1.98305
43.27804,-2.12876
43.26417,-2.94362
43.32032,-1.98342
43.32512,-1.97139
43.32401,-1.98701
43.32793,-1.97024
43.31935,-1.92105
43.29436,-2.35475
43.25813,-2.94252
43.20525,-3.13368
43.2633,-2.92302
43.32139,-1.95518
43.3136,-1.9811
43.28096,-2.16722
43.32727,-3.00861
43.40871,-2.6992
43.32154,-1.95348
43.32016,-1.95386
43.32251,-1.95527
42.56123,-2.51032
43.32114,-1.95662
42.85302,-2.39154
43.2669,-2.92106
43.37581,-2.98876
43.41107,-2.72797
43.26313,-2.9236
43.31548,-1.9809
43.07668,-3.08729
43.28899,-2.40943
43.25929,-3.35725
43.27301,-1.79608
43.31638,-1.98756
43.32569,-1.97273
43.26628,-2.92193
43.05252,-3.08796
43.27074,-2.92122
43.31396,-1.97948
43.31719,-1.97393
43.26274,-2.93113
43.27132,-1.79471
42.55397,-2.58637
43.26797,-2.93399
43.28664,-2.16421
43.30922,-1.97065
42.87344,-3.17329
42.84998,-2.67926
43.26474,-2.93233
42.57671,-2.49845
43.25646,-2.92591
43.28102,-2.98164
43.42048,-2.72017
43.32036,-1.98046
43.27124,-3.12668
43.32184,-1.98188
43.2579,-2.93532
43.31057,-1.89804
43.26898,-2.02179
43.31198,-1.96768
43.321,-1.98231
43.32438,-1.98816
43.25144,-2.94689
43.32009,-1.97432
43.32817,-1.97031
43.34065,-3.01707
43.36932,-1.79421
43.25623,-2.92244
43.31797,-1.98401
43.26843,-2.49749
43.26929,-3.25672
43.31435,-1.98123
43.19459,-2.29409
43.25859,-2.92637
42.86056,-2.9076
43.32387,-1.98347
43.25626,-2.94604
43.26832,-2.93246
43.29819,-2.2572
43.2769,-2.12993
43.32036,-1.98349
43.20469,-3.1353
43.27279,-2.94398
43.25889,-2.92163
43.41248,-2.9362
43.26139,-2.95413
42.65606,-2.50785
43.36306,-2.50462
43.31621,-1.98316
43.31804,-1.98083
43.3182,-2.80751
42.97402,-2.94599
43.37061,-1.79354
43.23823,-2.14775
43.36991,-1.79331
43.3769,-2.98847
43.31429,-2.00504
43.30502,-1.97539
43.31748,-3.02329
43.37073,-1.79353
43.38248,-2.98051
43.29515,-2.24688
43.32546,-3.0083
43.01282,-2.25304
42.85024,-2.67101
43.27064,-2.92975
43.34348,-1.79692
43.34363,-1.79689
43.28688,-2.16766
43.28369,-2.16831
42.85094,-2.67219
43.31812,-1.98102
43.28539,-2.17775
43.16771,-2.915
43.38417,-1.79711
43.30454,-2.22857
43.25743,-2.94557
43.42951,-2.80689
43.31198,-1.9984
43.25535,-2.92072
43.31587,-1.9824
43.31786,-1.96761
43.3162,-2.00357
43.25585,-2.92431
43.3414,-1.8293
43.19328,-2.31741
43.36363,-2.50958
42.84656,-2.67059
42.56967,-2.67699
43.32367,-1.97639
43.32384,-1.96469
43.16687,-2.91532
43.31911,-1.98383
43.32278,-1.97852
43.32043,-1.98404
43.30508,-2.01514
43.32291,-1.9853
43.25959,-3.13582
42.84032,-2.70807
43.36953,-1.8021
43.28545,-2.17559
43.37073,-1.79353
43.13815,-2.07416
43.30002,-2.07809
43.31965,-1.9806
42.83545,-2.66083
43.36433,-1.79195
43.18077,-3.36173
43.25399,-2.91757
42.62651,-2.49758
43.28272,-2.16927
43.18129,-3.36009
43.18132,-3.36186
42.84879,-2.67027
43.3648,-1.79265
43.16687,-2.91532
43.29212,-2.25748
42.85104,-2.67104
43.32507,-3.01469
43.32415,-1.98448
43.36391,-1.79673
43.31282,-2.0021
43.26576,-2.92078
43.32083,-1.98357
43.31551,-1.98796
43.28068,-2.16683
43.32227,-1.98322
43.32384,-1.9868
43.28685,-2.17615
43.32064,-3.01748
42.84126,-2.6843
43.25412,-2.20991
43.27886,-2.12334
43.25981,-2.93302
43.32339,-1.96897
43.25288,-2.94564
43.25649,-2.9237
43.36299,-1.79729
43.32473,-1.97245
43.25182,-2.92103
43.37854,-2.5713
43.26152,-2.94196
43.31454,-1.9873
43.3062,-2.38302
43.283,-2.17886
43.26288,-2.93206
43.25562,-2.9256
43.2579,-2.93532
43.37686,-2.98779
43.25769,-2.91837
43.28441,-2.17444
43.316,-1.97952
43.31491,-1.98069
43.29448,-1.97267
43.25598,-2.93791
43.37912,-2.9946
43.35609,-3.01067
43.26301,-2.93499
42.63518,-2.83242
43.36236,-1.7928
43.30757,-1.98074
43.34386,-3.00243
43.41884,-2.71993
43.32807,-1.97005
43.30703,-2.95519
43.31596,-1.98155
42.63227,-2.83305
43.3208,-1.98452
43.20628,-2.39769
43.28272,-2.17746
43.04388,-2.2535
43.2553,-2.94457
43.40435,-2.70201
43.37825,-2.9954
43.22114,-3.3343
43.36552,-2.50132
43.28499,-2.13818
43.29592,-2.99612
43.31424,-2.00145
43.25582,-2.91656
43.25111,-2.92184
43.20638,-2.17251
43.24334,-2.9251
43.26541,-2.95394
43.33042,-1.80256
43.3233,-1.97815
43.25551,-2.92493
43.31933,-1.98119
43.25803,-2.9245
43.25847,-2.94179
43.2965,-2.98643
43.429,-2.80742
43.30726,-1.97559
43.04436,-2.2521
43.31458,-1.98026
43.04361,-2.25381
43.30341,-1.97901
43.32359,-1.98252
43.04419,-2.25217
43.3111,-1.99473
43.40542,-2.94452
43.33556,-1.83849
43.36583,-2.50285
43.20714,-2.17366
43.33921,-1.79127
43.28733,-2.16671
43.22124,-3.33271
43.31095,-1.97314
43.26682,-2.93261
43.32303,-1.97377
43.28694,-2.15526
43.32213,-1.9677
43.28424,-2.99747
43.35629,-3.01726
43.31063,-2.00506
43.28766,-2.1611
43.36249,-2.50773
43.39339,-2.68281
43.38844,-2.68195
43.26011,-2.93169
42.85353,-2.6785
43.18985,-2.58025
43.30048,-2.26002
43.31759,-1.98127
43.26825,-2.91741
43.2579,-2.93532
43.26623,-2.9327
43.19371,-2.58046
43.18554,-2.59277
43.32004,-1.98254
43.25804,-2.92307
43.25748,-2.94141
43.30899,-2.38401
43.31982,-1.98314
43.25772,-2.91792
43.3635,-1.79768
43.39304,-2.92255
43.291,-2.35604
43.30748,-1.98089
43.32059,-1.98234
43.26678,-2.93285
43.31629,-1.98563
43.34791,-3.00874
43.20298,-2.05985
43.28722,-2.17672
43.32303,-1.97683
42.55298,-2.58441
43.31775,-1.96942
43.29149,-2.96135
43.42567,-2.80982
42.84728,-2.66754
43.34033,-3.08194
43.34953,-2.65108
43.3407,-3.082
43.26151,-2.93991
43.25719,-2.93607
43.37082,-2.50674
43.25349,-2.93618
42.85049,-2.67774
43.31279,-1.98035
43.36251,-1.79154
42.8465,-2.66938
42.65522,-2.50648
43.25422,-2.92832
43.36062,-3.01263
42.84771,-2.66912
43.32557,-2.99654
43.42202,-2.72044
43.30911,-1.97219
43.39937,-2.69868
43.24837,-2.93139
43.42877,-2.80756
43.26553,-2.92151
43.29239,-1.97645
43.30734,-1.99799
43.26271,-2.93609
43.25409,-2.92428
43.32517,-1.92941
43.31902,-1.98302
43.26392,-2.92739
43.31453,-1.98137
43.26211,-2.92609
43.272,-2.94736
43.38963,-2.98025
43.41543,-2.93376
43.25571,-2.92179
43.41517,-2.9353
43.26658,-2.92251
43.2632,-2.93387
42.8605,-2.26768
43.26925,-2.92708
43.29443,-2.9847
43.28646,-2.15972
43.29631,-2.98525
43.32264,-1.9788
43.3131,-1.98406
43.31687,-1.98148
42.84746,-2.6691
42.84624,-2.66812
43.30446,-1.97878
43.30475,-1.97651
43.33496,-3.04285
43.25834,-2.92082
43.26753,-1.9762
43.26095,-2.94818
43.29752,-2.98667
43.27713,-2.95854
43.26781,-2.92111
43.27147,-2.95147
43.25445,-2.92404
43.27969,-2.83686
43.25811,-2.92044
43.2032,-2.05767
43.31292,-1.98368
43.25329,-2.91586
43.29359,-2.35217
43.28326,-2.16632
43.261883,-2.956465
43.2688,-2.92657
42.69563,-2.33577
43.41989,-2.81088
43.41926,-2.72327
43.31385,-1.98257
43.30556,-2.94724
43.32296,-1.98447
43.29854,-2.64937
43.41975,-2.7224
43.31691,-1.98092
43.289,-2.18643
43.27861,-2.9615
43.25289,-2.93616
43.35366,-3.00667
43.26511,-2.93261
43.31554,-1.97891
43.39607,-2.69855
43.32364,-1.97192
43.32232,-1.97301
43.32221,-1.97158
43.27023,-2.92944
43.32449,-1.98301
43.32325,-1.97371
42.99441,-3.01103
43.3113,-1.98222
43.31868,-3.02069
43.31024,-1.9993
43.28441,-2.17474
42.99544,-3.00941
43.18729,-2.50153
42.996,-3.01075
43.25938,-2.92651
43.41897,-2.72136
43.32348,-1.98338
43.33099,-3.03354
43.31853,-1.98075
43.10673,-2.57917
43.31864,-1.98127
43.31527,-2.00148
43.36208,-1.79359
43.32343,-1.9821
42.84843,-2.67654
43.30867,-1.97921
43.32484,-1.98248
43.19277,-2.57106
43.31376,-2.00036
43.258,-2.92434
43.31778,-1.98433
43.26682,-2.49842
43.2853,-3.0562
43.32147,-1.97852
43.0883,-2.1238
43.26305,-2.9228
43.2531,-2.9328
42.99408,-3.01062
43.37222,-1.7953
43.37406,-2.72874
42.99484,-3.00883
43.30184,-1.99184
43.25808,-2.93589
42.99616,-3.00973
42.85472,-2.67669
43.28307,-3.05369
43.25969,-2.92183
43.26467,-2.95064
43.30343,-1.97626
43.2617,-2.93165
43.36258,-1.79191
43.32346,-1.97174
42.84791,-2.64087
43.31415,-1.98055
43.28467,-2.17741
43.28467,-2.17741
43.2558,-2.92524
43.21528,-2.02232
43.36557,-2.99761
43.25758,-2.92313
43.27201,-2.92797
42.51274,-2.61879
43.31052,-1.89085
43.30559,-2.97496
43.26876,-2.92846
43.26645,-2.93162
43.3359,-1.81974
43.32154,-1.97609
43.188,-3.20104
42.84463,-2.65897
43.25862,-2.91171
43.24997,-2.91087
43.25839,-2.93619
43.32144,-1.97296
43.25316,-2.90804
43.4205,-2.72264
43.40746,-2.94279
43.28941,-2.9963
43.33509,-1.81756
42.84696,-2.66977
43.25991,-2.91203
43.2589,-2.91168
43.26479,-2.95058
43.31202,-1.99215
43.35337,-3.01707
43.2585,-2.91233
43.26661,-2.92089
43.29932,-2.21124
43.31768,-1.98117
42.69541,-2.33483
43.26443,-2.92083
42.80806,-3.04735
43.30594,-1.99601
43.40608,-2.91745
43.40278,-2.94968
43.31393,-1.98145
43.08356,-2.93948
43.25914,-2.95111
43.32383,-1.98431
43.28746,-2.12424
43.41972,-2.72949
42.5549,-2.58451
43.31185,-3.00397
43.25991,-2.91158
43.266701,-2.925415
43.30714,-2.00193
43.29789,-2.2108
43.25564,-2.91328
43.30439,-1.994
42.84896,-2.66833
43.31331,-1.89763
43.31753,-1.98608
43.31441,-2.00119
43.25931,-2.91348
43.4084,-2.70016
43.28122,-2.15074
43.32238,-1.97519
43.30489,-1.87349
43.28498,-2.16384
43.32382,-1.98495
43.18547,-2.46967
43.31674,-1.98632
43.25779,-2.91769
43.31501,-1.90304
43.36781,-1.7933
43.30377,-2.00467
43.34632,-3.01069
43.32013,-1.92024
43.37379,-1.79688
43.32797,-1.97
43.32392,-1.97111
42.89918,-2.3613
43.38569,-2.56135
43.31032,-2.01142
42.89715,-2.3629
42.89669,-2.36145
43.28257,-2.17726
43.41943,-2.72299
42.89897,-2.36077
43.32422,-1.97305
43.32183,-1.97309
43.38002,-2.99257
43.3163,-1.97367
43.2646,-2.95148
43.32065,-1.97718
43.31371,-2.00025
43.22515,-2.88893
43.25811,-2.9235
43.29622,-2.25729
43.38192,-1.79925
43.31474,-1.99573
42.74981,-2.44277
43.32122,-3.02447
43.30432,-2.00515
43.30483,-1.97951
43.28086,-2.12517
43.29588,-1.99213
43.29554,-1.99202
43.36109,-1.79465
43.38368,-2.98003
43.30432,-2.00515
43.31968,-1.97971
42.84361,-2.66877
43.25567,-2.92023
43.31513,-1.96843
43.25588,-2.92414
43.3232,-1.96901
42.84566,-2.66816
43.3157,-1.98257
43.27935,-2.96152
42.9655,-2.75379
43.28883,-1.83857
43.31766,-1.98573
43.31344,-2.00287
43.40796,-2.69991
43.28883,-1.83857
43.33881,-1.79059
42.85389,-2.70075
43.25608,-2.91349
42.99598,-3.01317
43.26739,-2.92376
43.30959,-2.00985
43.26591,-2.93087
42.86749,-2.54088
43.32322,-1.96903
43.3144,-1.97959
43.37553,-2.98804
43.35011,-3.0135
43.03305,-2.41321
43.30542,-2.20429
43.31958,-1.97975
42.86137,-2.69295
43.26126,-2.92376
43.28085,-2.17553
43.26063,-2.92438
43.25087,-2.91157
43.26283,-2.9251
43.30861,-3.03615
43.30849,-1.97905
43.28599,-2.17054
43.40477,-2.95181
43.306908,-1.967403
43.41786,-2.81246
43.26277,-2.94591
43.31606,-1.97143
43.37319,-1.79643
43.25522,-2.91601
43.25808,-2.91745
43.29557,-2.35587
43.30859,-1.97951
43.26734,-2.93245
43.32269,-1.98556
43.25732,-2.91822
43.30732,-1.97912
43.30855,-1.97894
43.30813,-1.90553
43.32254,-1.97742
43.30257,-2.20602
43.30257,-2.20602
43.31526,-1.9866
43.32229,-1.96915
43.32275,-1.96892
43.43046,-2.80569
43.31405,-1.98173
43.25654,-2.93319
43.30405,-2.38577
43.31222,-2.0089
43.1852,-2.26339
42.84927,-2.67634
43.27124,-2.94776
43.25522,-2.91601
43.30258,-1.95976
43.27283,-2.94917
43.24966,-2.92011
43.37522,-1.79385
43.30278,-2.20433
43.30145,-2.2052
43.30181,-2.20406
43.28727,-2.16791
43.25706,-2.92956
43.36909,-1.79345
43.3647,-1.79294
43.31376,-1.98415
43.25218,-2.19267
43.3217,-1.95487
43.31531,-1.98299
43.28801,-2.12534
42.84277,-2.66813
43.32334,-1.945
43.26158,-2.9403
43.37097,-1.79362
42.82532,-2.90024
43.40429,-2.95334
43.26446,-2.92264
43.301,-2.00822
43.26497,-2.92316
42.84973,-2.6708
43.25962,-2.92318
42.85736,-2.67686
43.26643,-2.92683
43.313629,-1.980089
43.1723,-2.77993
43.33607,-1.81044
42.9567,-2.65057
43.257088,-2.924323
43.36992,-2.50509
43.31423,-1.98074
43.31362,-2.67811
43.31931,-1.98106
43.38099,-1.79867
43.3688,-1.79322
43.26877,-2.91898
43.25497,-2.91458
43.36219,-1.79675
43.40971,-2.94356
43.3453,-3.00814
43.26339,-2.92221
42.95546,-2.65181
43.2562,-2.92163
43.26307,-2.94444
43.25545,-2.91579
43.26302,-2.94622
43.25695,-2.93926
43.25695,-2.9405
43.262634,-2.947471
43.37666,-2.9949
43.25785,-2.9386
43.26797,-2.92042
42.84176,-2.66656
43.31779,-1.97932
43.31371,-1.98312
43.25299,-2.92187
43.31964,-1.9794
43.25545,-2.92449
43.25866,-2.93078
43.2481,-2.91091
43.35454,-3.01752
43.32559,-1.97351
43.31838,-1.94258
43.41023,-2.70045
43.2853,-2.17716
43.28343,-2.17713
43.28441,-2.17661
43.28502,-2.17726
43.34885,-1.78198
43.34423,-1.79632
43.3053,-2.62631
43.27723,-2.33175
43.26804,-2.92234
43.3639,-1.7931
43.26036,-2.94028
43.34209,-1.81174
43.325,-1.96587
43.34394,-2.63915
43.33723,-2.99841
43.25503,-2.92572
43.34893,-2.65447
43.25811,-2.91745
43.32492,-1.97191
43.35257,-1.79948
43.26173,-2.93465
43.30735,-1.97987
43.25378,-2.93787
43.05615,-3.00366
43.25609,-2.92422
43.32585,-1.92178
43.35204,-1.80126
43.35371,-1.80101
42.85681,-2.67013
43.25636,-2.92831
43.28735,-2.17306
43.2685,-2.92769
43.31001,-1.96697
43.25604,-2.92179
43.31959,-1.98332
43.31334,-2.67804
43.32392,-3.02632
43.32176,-3.01784
43.2674,-2.91894
43.29052,-2.97934
43.35062,-3.01223
43.27305,-2.94741
43.386879,-2.562248
43.31006,-1.97308
43.31483,-1.98359
43.30159,-2.0102
43.32419,-1.92601
43.15113,-2.87508
43.36972,-2.82767
43.30662,-1.97476
43.29008,-2.05286
43.29136,-2.05087
43.2752,-2.04967
43.27345,-2.05114
43.31106,-1.96723
43.3219,-1.98326
43.37429,-1.79753
43.2565,-2.91748
43.41007,-2.7012
42.5686,-2.68427
43.26782,-2.95332
43.26836,-2.95555
43.26967,-2.95331
43.26206,-1.96895
43.31955,-1.98403
43.26809,-2.95399
43.26971,-2.95538
43.32056,-1.97258
43.2991,-1.86083
43.26812,-2.9554
43.28085,-2.17553
43.31275,-2.00342
43.25575,-2.93161
43.26795,-2.95491
43.30724,-2.0068
43.32635,-1.92478
43.26597,-2.92505
43.15073,-2.87497
43.27349,-2.94413
43.32412,-1.97253
43.32397,-1.97444
43.31371,-2.46102
43.3185,-1.98279
43.04731,-2.99355
43.32198,-1.94963
43.32788,-1.92256
42.55785,-2.60225
43.25679,-2.92401
43.25573,-2.92253
43.36498,-2.99678
43.27503,-2.04977
42.84496,-2.67124
43.25462,-2.92358
43.32365,-1.98738
43.27322,-2.9475
42.84919,-2.67914
43.35254,-3.0099
43.35171,-3.01007
43.36778,-1.79463
42.84523,-2.70008
43.31389,-1.98368
43.43144,-2.89854
43.31621,-1.98659
43.31441,-1.95194
43.26032,-2.92274
43.32294,-3.0134
43.35287,-3.00987
43.25156,-2.91333
43.26505,-2.91323
43.32922,-2.5121
43.27513,-2.96174
43.26584,-2.93494
43.32454,-1.97454
43.25858,-2.92251
43.32425,-1.97569
43.2608,-2.92783
43.32303,-1.97756
43.42167,-2.72127
43.32602,-1.97264
43.28672,-2.12422
43.43437,-2.7983
43.2582,-2.92291
43.25667,-2.9319
43.26632,-2.9222
43.28399,-2.86518
43.43495,-2.799
43.263199,-2.938097
43.28536,-2.16483
43.25649,-2.92503
42.878,-2.65645
43.30383,-1.97863
43.26398,-2.95199
43.25627,-2.94498
43.25616,-2.91611
43.40791,-2.65741
43.305424,-1.995441
43.36721,-1.79298
43.32586,-1.98364
43.31692,-1.96846
43.30564,-1.99476
43.32447,-1.98523
43.32455,-1.98523
43.37628,-2.82297
43.32059,-3.01641
43.26144,-2.89774
43.25196,-2.92247
43.26177,-2.93716
43.26794,-2.02201
43.31388,-1.98
42.80217,-2.9116
42.55742,-2.57856
43.18289,-2.49975
43.27057,-2.92923
43.26891,-2.92539
43.26694,-2.93075
43.314938,-1.980153
43.4104,-2.93309
43.28863,-2.17965
42.48746,-2.58173
43.36556,-2.50361
43.26771,-2.92535
43.31383,-1.9838
43.32394,-1.97285
43.2704,-2.92753
43.26765,-2.92559
43.25588,-2.92348
43.25993,-2.93229
43.39431,-2.92249
43.06994,-2.92412
43.36898,-1.79336
43.26559,-2.92096
43.26938,-2.91909
43.26829,-2.92022
43.25477,-2.91537
43.32383,-1.97152
42.93524,-2.88655
43.303127,-1.996131
43.3239,-1.98658
43.2692,-2.92804
43.25385,-2.91136
43.26537,-2.93432
43.25309,-2.91104
43.32546,-1.97133
43.32234,-1.98324
42.81715,-2.52436
43.31464,-1.98222
43.31336,-1.95753
43.26121,-2.93532
43.31923,-1.98269
43.3234,-1.98613
43.32448,-1.98451
43.32361,-1.98446
43.32474,-1.98656
43.3234,-1.98604
43.28694,-2.63586
43.26949,-2.95561
43.31466,-2.00091
43.2675,-2.93128
43.32428,-1.98676
43.31099,-3.00052
43.30978,-3.00111
42.67009,-2.34835
43.28618,-2.17193
43.31967,-1.98436
43.29352,-2.00022
43.42749,-2.81105
43.41549,-2.93837
43.25491,-2.91424
43.26614,-2.49121
43.26943,-2.94678
42.86377,-2.69511
42.8508,-2.66992
43.31983,-3.01518
43.32301,-1.98502
43.25991,-2.9365
43.31318,-1.98196
43.41955,-2.72103
43.26537,-2.91272
43.25884,-2.94611
43.25823,-2.92242
43.31436,-1.98256
43.39269,-2.99039
43.25772,-2.9243
43.27359,-2.94778
43.30238,-2.20554
43.31397,-1.98091
43.2903,-1.99471
43.43102,-2.89793
43.29516,-3.25677
43.35177,-2.95289
43.35386,-3.01549
43.3259,-1.93298
43.31721,-1.9746
43.31464,-1.98039
43.29291,-2.25392
43.42111,-2.72362
43.34069,-2.65569
43.32624,-1.97156
43.30532,-1.98065
43.25817,-2.91786
43.26717,-2.92583
43.26525,-2.92728
43.34485,-1.80537
43.31707,-1.98238
42.84194,-2.66915
43.36283,-1.79057
43.14701,-2.84579
43.31327,-2.00354
43.31852,-1.96046
43.32507,-1.97359
43.25785,-2.93034
43.26938,-2.955
43.26476,-2.92949
43.32404,-1.97398
43.33719,-1.77729
43.21732,-2.39991
43.30538,-2.81039
43.32622,-2.98392
43.31426,-1.98404
43.26301,-2.94751
43.42836,-2.80565
42.85185,-2.67506
43.38609,-2.67833
43.29785,-2.25585
43.3196,-1.97862
43.3088,-1.98074
43.2629,-2.94028
43.36817,-1.79504
43.32387,-1.98495
43.32088,-1.98145
43.32161,-1.97641
43.3243,-1.98558
43.2565,-2.92518
43.31271,-2.0045
43.31653,-1.9822
43.32482,-1.98361
43.38605,-2.67845
43.3074,-1.84542
43.30911,-1.84701
43.30916,-1.84684
43.30805,-1.84726
43.25557,-2.92296
43.26297,-2.93122
43.26455,-2.94152
43.27933,-2.1251
43.31169,-2.99961
43.27045,-2.94137
43.29317,-2.98575
43.32522,-1.97486
43.28599,-2.16352
43.31847,-1.98205
43.31497,-2.80687
43.18544,-2.26519
43.24646,-2.93169
43.37118,-1.79622
43.28697,-2.1633
43.32737,-2.98513
43.31573,-2.01125
43.1879,-2.05266
43.26827,-2.92506
43.31793,-3.02057
43.36846,-1.79369
42.84761,-2.66852
43.40803,-2.69928
43.37482,-2.94851
43.38617,-2.68006
43.38497,-2.67848
43.38555,-2.67822
43.26554,-2.92754
42.565,-2.51123
43.2664,-2.92656
43.31987,-1.94617
43.2671,-2.932
42.84299,-2.51362
43.38205,-2.70002
43.37376,-1.79458
43.38062,-2.6993
43.3819,-2.69884
43.36806,-1.7927
43.26683,-2.92586
43.32336,-1.97634
43.32451,-1.97337
43.3282,-3.06266
43.32467,-1.97418
43.32311,-1.97491
43.32436,-1.97338
43.26556,-2.9433
42.97303,-2.94453
43.31749,-1.9755
43.16372,-2.92557
43.4217,-2.71959
42.84772,-2.67438
43.28572,-2.17555
43.288,-2.16667
43.32445,-1.98451
43.31801,-3.02038
43.26759,-2.92543
43.18244,-2.90176
43.31558,-1.98605
43.36907,-1.80122
43.32827,-3.0634
43.38938,-2.63317
43.2692,-2.02154
43.4022,-2.74728
43.40368,-2.7485
43.40235,-2.74907
43.40215,-2.74717
43.40212,-2.7473
43.40167,-2.74842
43.40217,-2.74847
43.26122,-2.95477
43.2856,-2.16132
43.32417,-1.97786
43.30345,-1.97634
43.28426,-2.17702
43.25709,-2.92357
43.29813,-2.66697
43.23555,-2.89234
43.29815,-2.66716
43.29696,-2.66663
43.29655,-2.66897
43.32346,-3.02497
43.36883,-1.79623
43.3221,-1.97327
43.32418,-1.98339
43.31965,-1.97304
43.26603,-2.94424
43.31239,-1.95329
43.32759,-3.06216
43.13972,-2.07281
43.31544,-1.98885
43.29316,-2.98563
43.32036,-1.86684
43.33352,-3.00591
43.25706,-2.92907
43.34225,-3.00933
43.35505,-3.01483
43.32492,-2.42328
43.25629,-2.92161
43.32452,-1.9841
43.32125,-1.97569
43.32235,-1.97682
43.40903,-2.69918
43.26345,-2.92369
43.26437,-2.92338
43.26812,-2.94563
43.30354,-2.22109
43.30548,-2.21998
43.25867,-2.93177
42.84703,-2.69348
43.28835,-2.16148
43.32357,-1.98712
43.35977,-1.79086
43.32414,-1.97194
43.31578,-2.00368
43.04295,-2.9788
43.32011,-1.982
43.31855,-1.98245
43.31918,-1.98056
43.30899,-1.99559
43.21311,-2.77955
43.32534,-1.98369
43.323,-1.984
43.3629,-1.7917
43.31567,-1.98299
43.39214,-2.69546
43.33845,-1.82766
43.31768,-1.9806
43.267883,-2.925267
43.32159,-1.97227
43.30585,-2.20316
43.34458,-3.00948
43.32331,-1.98483
42.84799,-2.68192
43.25679,-2.93837
43.25845,-2.95013
42.84766,-2.66859
43.32434,-1.97596
43.28145,-2.17461
43.31444,-1.98004
43.29191,-2.9895
43.24456,-3.36986
43.31151,-2.88116
43.32544,-1.96857
43.24486,-3.37068
43.24345,-3.37037
43.24517,-3.36962
42.49537,-2.57337
43.24426,-3.36873
43.24505,-3.36952
43.37726,-2.98886
42.62641,-2.49852
43.28513,-1.86708
43.0408,-2.65456
43.25491,-2.92627
43.31615,-1.96977
43.25683,-2.92942
43.26739,-2.92736
43.25624,-2.91496
43.31264,-2.8819
43.31283,-2.88059
43.31183,-2.88169
43.31252,-2.88163
43.31138,-2.88195
43.31163,-2.88125
43.31674,-2.00725
43.33965,-1.78632
43.10074,-2.8396
43.30368,-1.95968
43.31693,-1.97039
43.32231,-3.02188
43.32317,-1.975
43.31662,-1.98132
43.31892,-1.98012
43.33386,-2.61557
43.28789,-2.16356
43.31319,-1.99279
43.36014,-2.49833
43.35955,-2.49932
43.31504,-1.98902
43.31688,-1.98603
43.31724,-1.97183
43.36661,-3.02505
43.36355,-2.50448
43.31655,-1.90928
43.31787,-1.98071
43.36328,-1.79189
43.33761,-2.80582
43.34074,-3.0028
43.27301,-2.94719
43.25621,-2.92264
43.28631,-2.17387
43.32015,-1.97457
43.38888,-2.67911
43.30276,-1.98092
43.25392,-2.93062
43.33392,-2.61717
43.41523,-2.9389
43.34463,-3.0073
43.2585,-2.92027
43.02438,-2.3332
43.26701,-1.98049
43.306007,-2.005959
43.31716,-1.98161
43.316502,-1.971931
43.305187,-1.96167
43.32237,-1.96895
43.305187,-1.96167
43.28814,-1.98252
43.35389,-3.01348
43.25483,-2.92572
43.05295,-2.33232
43.31111,-2.00354
43.31507,-1.9829
43.37739,-2.57951
43.25633,-2.92633
43.31833,-1.98254
43.33938,-3.00214
43.30393,-1.99851
43.26628,-2.92117
43.25358,-2.92088
43.02286,-2.33277
43.31698,-1.98615
43.29717,-2.25846
42.88997,-2.9824
43.34856,-3.00767
43.20464,-2.25287
43.31746,-1.97897
43.36975,-1.7937
43.31472,-1.98315
43.25263,-2.9311
42.85588,-2.70598
43.28172,-2.17632
43.28172,-2.17632
43.26129,-2.9447
43.37037,-1.7963
43.31625,-1.98182
43.42132,-2.72558
43.32349,-1.9778
43.25184,-2.93373
43.36255,-1.79188
43.25209,-2.9167
42.98911,-3.00882
43.28721,-1.86804
43.28576,-1.86822
43.32337,-1.96904
43.2526,-2.91735
43.27657,-2.95702
43.36338,-2.50273
43.32084,-1.98421
43.316917,-1.983502
43.25168,-2.92115
43.31645,-1.98315
43.31631,-1.98286
43.31797,-1.98141
43.41449,-2.93032
43.324165,-1.977654
43.25915,-2.91979
43.3166,-1.96323
43.29678,-2.25875
43.25831,-2.9474
43.31376,-1.98404
43.323,-1.97583
43.3242,-1.971
43.4073,-2.94749
43.31515,-1.98329
43.14727,-2.03087
43.25525,-2.9253
42.84957,-2.67024
43.03854,-2.14873
43.31459,-1.99135
42.85422,-2.7002
43.11651,-2.72943
43.365,-1.79297
43.26182,-2.96038
42.83937,-2.667
43.3811,-2.99671
43.32308,-1.96901
43.02503,-2.41079
43.28419,-2.17638
43.31445,-2.00659
43.25493,-2.93886
43.26231,-2.91096
42.96694,-2.75561
43.31861,-1.98465
43.09039,-2.73363
42.84806,-2.39114
42.84575,-2.64534
42.8426,-2.66136
42.8383,-2.66321
42.95569,-2.83018
42.8935,-3.14378
43.31282,-2.93869
43.32109,-1.98148
43.29615,-1.97184
43.3612,-2.49745
43.32474,-1.97701
43.18541,-2.47928
42.85181,-2.68026
43.31283,-2.9404
43.04,-2.16776
43.34418,-3.00931
42.86841,-2.69432
43.36363,-2.50562
43.29586,-1.98521
42.83707,-2.66805
43.34949,-3.11094
43.32468,-1.96912
43.3229,-1.9832
43.38497,-2.68945
43.40372,-2.70194
43.25211,-2.92095
43.34235,-1.79827
43.26177,-2.9392
43.30305,-1.97887
43.31685,-1.98428
43.3411,-1.7962
42.84675,-2.65885
42.84728,-2.66075
43.04525,-2.25721
42.55463,-2.58655
43.32521,-1.97462
43.32158,-1.97564
43.31644,-1.98082
43.31516,-1.98645
43.32095,-1.97627
43.06663,-2.4879
43.17343,-2.02808
43.31673,-1.97981
43.43085,-2.80017
43.41854,-2.72424
43.32289,-1.98645
43.36197,-2.49515
42.84814,-2.6611
43.43128,-2.79859
42.96585,-2.75604
42.9654,-2.75601
43.04607,-2.15445
43.2722,-2.94739
43.03814,-2.15098
43.32446,-1.98241
43.25763,-2.93503
43.1825,-2.04871
42.84223,-2.6596
43.26478,-2.30061
43.43051,-2.80131
43.31808,-1.98493
43.26329,-2.933
43.26501,-2.30022
43.26609,-2.2998
43.26618,-2.29921
43.08987,-2.73345
43.25241,-2.19167
43.28337,-2.17658
43.31801,-1.98067
43.41949,-2.72339
43.32117,-1.97899
43.31983,-1.98084
43.42073,-2.72387
43.31822,-1.9786
43.31649,-1.97903
43.32259,-1.91087
43.26006,-2.93911
43.25408,-2.94675
43.3052,-1.97367
43.27117,-2.95042
42.84324,-2.68368
43.37521,-2.82238
43.41773,-2.72627
42.48452,-2.63989
43.25991,-2.93617
43.2989,-2.25559
43.25519,-2.94049
43.3308,-3.0134
43.26614,-2.92281
43.25353,-2.19245
43.21195,-3.12438
43.31359,-1.97412
43.24063,-2.92129
43.18594,-2.4801
43.39202,-2.63206
43.42768,-2.81457
43.3668,-2.50291
43.26452,-2.92594
43.32329,-1.9768
43.25241,-2.19167
42.86267,-2.69129
43.2573,-2.92318
43.32417,-1.98378
43.17166,-2.63266
43.31662,-1.9798
43.25104,-2.91639
43.36441,-1.79248
43.3214,-1.97745
43.37827,-2.99311
43.32499,-1.97011
43.25629,-2.92794
43.25015,-2.92216
43.32395,-1.98257
43.2882,-2.12675
43.29868,-1.87948
43.25643,-2.94838
43.3319,-3.01233
43.3056,-1.9744
43.42929,-2.80647
43.30687,-1.97393
43.29135,-2.25569
43.31573,-2.02696
43.27632,-2.12623
43.2456,-2.91543
42.99162,-3.01042
43.39063,-2.63336
43.29454,-2.98447
43.32018,-1.93874
43.31914,-1.98374
43.28778,-2.16527
43.32607,-1.97197
43.18271,-2.26767
43.31709,-1.97266
43.32548,-1.96628
43.39387,-2.98963
43.36281,-1.79264
43.2976,-2.25287
43.31704,-1.9732
43.32669,-3.00784
43.27529,-2.12567
43.25748,-2.92334
43.36773,-1.79335
43.25227,-2.93971
43.27507,-2.0379
43.25903,-2.91608
43.32251,-1.97369
43.31908,-1.98032
43.42108,-2.72063
43.29193,-2.35573
43.31202,-1.98301
43.31282,-1.9812
43.30231,-3.0129
43.348743,-3.111683
43.00789,-2.25257
43.37104,-1.7952
43.31943,-1.98136
43.32093,-1.98171
43.28948,-2.12527
43.2773,-2.12738
43.27542,-2.12664
43.27546,-2.12698
43.27731,-2.12738
43.05618,-3.04318
43.39128,-2.98892
43.28591,-2.1636
43.3137,-1.98306
43.39122,-2.99029
43.26046,-2.91902
43.41166,-2.8111
42.88301,-3.0877
42.85938,-2.68148
43.27302,-2.9458
43.27603,-2.97467
42.88214,-3.08748
43.3158,-1.98266
43.27589,-2.12654
43.32473,-1.97792
43.42093,-2.7218
43.26448,-2.9149
43.25729,-2.93061
43.26488,-2.93431
43.27066,-2.92593
43.2545,-2.92538
43.37516,-1.79421
43.25699,-2.91849
43.33879,-2.52687
43.18771,-2.05351
43.32457,-1.9888
43.1867,-2.05364
43.42129,-2.72099
42.84632,-2.67313
43.31632,-1.98013
43.31686,-1.97502
43.38045,-2.99264
43.36883,-1.79396
43.39308,-2.98607
43.26012,-2.90058
43.24965,-2.92271
43.31959,-2.49172
43.34747,-3.00902
43.27093,-2.92529
43.27103,-2.92389
43.25482,-2.95396
43.26954,-2.01766
43.31928,-2.49046
42.50395,-2.43239
43.31879,-2.4918
43.32358,-1.9703
43.25266,-2.94807
43.26138,-2.89945
43.27015,-2.92959
43.26139,-2.93705
43.26128,-2.93732
43.25792,-2.91928
43.28415,-2.99631
42.84645,-2.67264
43.31093,-2.00003
43.29286,-2.35574
43.3144,-1.98142
43.24349,-2.53821
43.31568,-2.0043
43.3167,-1.98381
43.24841,-2.9188
43.23632,-2.15418
43.31615,-2.00303
43.42756,-2.81232
43.25616,-2.92958
43.34118,-1.7712
43.35281,-3.00503
43.41954,-2.72034
43.2798,-2.1276
43.31421,-2.00432
43.26816,-2.91891
43.31979,-1.97399
43.31528,-2.67746
43.31587,-2.00282
43.29367,-2.25882
43.257,-2.91503
43.25452,-2.936472
43.25785,-2.91795
43.31725,-1.97304
43.27678,-2.12824
43.42822,-2.80786
43.32342,-1.9713
43.32343,-1.98399
43.31387,-2.00157
43.32164,-1.97629
43.2558,-2.93524
43.31737,-1.9859
43.24402,-2.53927
43.31621,-1.98688
42.89616,-2.50851
43.30685,-2.0067
43.26015,-2.91974
43.24229,-2.53756
43.24402,-2.53603
43.28017,-1.86237
43.32536,-1.96566
43.22082,-3.33398
43.32343,-1.98399
43.31503,-1.98324
43.34065,-1.77203
43.34152,-1.77229
43.29893,-2.98769
43.34111,-1.77167
43.30867,-2.38708
43.35283,-3.01515
43.25811,-2.92367
43.22163,-2.73813
43.39119,-2.69449
43.31489,-1.98687
43.31803,-1.98577
43.26136,-2.91334
43.31823,-1.98445
43.26618,-2.92171
43.2528,-2.93176
43.25988,-2.93602
43.31469,-2.00096
43.29847,-2.25933
43.30303,-2.20506
43.29562,-2.98072
43.3177,-1.97467
43.31753,-1.97551
43.31739,-1.97455
43.31733,-1.97458
42.58929,-2.79117
43.28071,-1.95439
43.26267,-2.93953
43.32327,-1.97324
43.30176,-2.20571
43.30257,-2.20455
43.30203,-2.20494
43.32678,-3.06254
43.06088,-2.44177
43.29843,-2.98548
43.27027,-2.95089
43.27069,-2.94959
43.26973,-2.9549
43.26891,-2.95541
43.26906,-2.94923
42.85514,-2.67141
43.27265,-2.07393
43.29772,-2.88564
43.43074,-2.80231
43.29705,-2.9795
43.09334,-3.06934
43.33444,-2.99419
42.85812,-2.68106
43.32211,-1.98469
43.25686,-2.93853
42.80931,-3.04577
43.26489,-2.93535
43.320755,-1.980363
42.85476,-2.67
43.26573,-2.93387
43.31187,-1.9942
43.26822,-2.9279
43.25554,-2.91593
43.32118,-3.01086
43.32255,-1.97411
42.84988,-2.67466
43.3021,-2.20404
43.26875,-2.92845
43.26553,-2.93453
43.32956,-1.96999
43.38133,-2.98756
43.26622,-2.93451
43.01254,-2.25152
43.01266,-2.25265
43.01213,-2.25253
43.41851,-2.7195
43.01271,-2.25267
43.0119,-2.25123
43.01271,-2.25089
43.01065,-2.25166
43.29878,-1.85733
43.17192,-2.30786
43.25652,-2.92817
43.32028,-3.01939
43.42685,-2.73139
43.23838,-2.89148
43.25692,-2.92531
43.30265,-2.20442
43.25856,-2.93829
43.25706,-2.93822
43.25873,-2.93747
43.2574,-2.9386
43.25865,-2.93892
43.25761,-2.93888
43.30227,-1.97879
43.26751,-2.92001
43.27153,-2.92596
43.26999,-2.92556
42.99621,-3.00971
43.36311,-1.79106
43.391411,-2.637622
43.25997,-2.94038
43.39138,-2.63764
43.39138,-2.63763
43.391438,-2.637651
43.391438,-2.637651
43.391376,-2.637634
43.31406,-1.98838
43.32162,-1.97499
42.55382,-2.58606
43.31423,-1.98114
43.3209,-1.9751
42.84431,-2.67545
43.2555,-2.92483
43.29864,-1.88106
43.31339,-1.99367
43.29671,-2.99376
43.32387,-1.9764
43.31696,-1.98751
43.31831,-1.98072
43.31847,-1.98042
43.3181,-1.98205
42.84919,-2.67087
43.25533,-2.92596
43.2566,-2.92826
43.2673,-2.93554
43.26816,-2.92583
43.26961,-2.92864
43.31922,-1.96865
43.30806,-1.97273
43.3021,-2.20404
43.24815,-2.98006
43.256783,-2.93266
43.22087,-3.33487
43.23097,-2.89168
43.2121,-3.12473
43.22229,-3.3334
43.26433,-2.95401
43.26331,-2.93305
43.25637,-2.92438
43.25681,-2.92832
43.30856,-3.00682
43.31047,-2.01
43.32827,-3.0297
43.27353,-2.96921
43.33312,-3.05294
43.33324,-3.05206
43.25599,-2.89981
43.35014,-3.01088
43.26384,-2.91044
43.25306,-2.92161
43.42095,-2.72281
42.85707,-2.71003
43.36761,-1.79361
42.85068,-2.67626
43.32533,-1.93299
43.17156,-2.30785
43.17161,-2.30885
43.1719,-2.3093
43.1726,-2.30964
43.17337,-2.30968
43.17189,-2.30806
43.25072,-2.91535
43.34026,-1.77379
43.34983,-2.65599
43.31962,-1.9839
43.41918,-2.72164
43.40545,-2.94709
43.07018,-2.12756
43.36712,-1.80503
43.31432,-1.98029
43.42104,-2.72005
43.25736,-2.94235
43.31219,-1.98103
43.26583,-2.92507
43.28115,-1.95022
43.2792,-1.9505
43.279,-1.95117
43.27887,-1.95165
43.27507,-2.94121
43.259048,-2.951315
43.32295,-1.97705
43.27966,-1.95193
43.27973,-1.95072
43.28055,-1.95065
43.28066,-1.95165
43.26219,-2.92233
43.28786,-2.16344
43.25677,-2.95153
43.27601,-2.97051
43.31629,-1.9833
43.12956,-2.54233
43.28689,-2.17277
43.41073,-2.93304
43.34057,-3.01755
43.3265,-3.03022
43.277,-2.96278
42.55198,-2.5853
42.93086,-2.85786
42.93182,-2.85786
42.93203,-2.85938
42.93048,-2.85725
42.93223,-2.85927
43.25984,-2.93391
43.37686,-1.79647
42.54651,-2.66447
43.33897,-1.80789
43.38555,-2.87985
43.37157,-1.80062
43.32987,-3.00535
43.25613,-2.91773
43.31742,-1.95337
43.2694,-2.91987
43.31063,-3.01
43.36565,-2.5047
43.25559,-2.92722
43.31813,-1.97511
43.32387,-1.9861
43.37083,-2.63805
43.26024,-2.92222
43.13048,-2.53656
42.85405,-2.70059
43.31313,-2.00468
43.32327,-1.98459
43.3195,-1.98066
43.23936,-3.21407
43.31439,-2.00516
43.25607,-2.9386
43.25014,-2.92192
42.86166,-3.03873
43.26941,-2.92449
43.32242,-2.42216
43.30551,-2.01717
43.36753,-2.88573
43.31927,-1.97921
43.3668,-2.50051
43.366,-2.50404
43.2614,-2.94234
43.32152,-1.97634
43.26236,-2.94159
43.25336,-2.9253
43.25218,-2.92505
43.27024,-2.95156
43.26357,-2.92813
43.32468,-1.98275
43.30549,-1.98776
43.2845,-2.16144
43.38204,-2.82884
43.2474,-1.99288
42.74308,-2.98405
42.92326,-2.8413
43.26896,-2.9199
43.32297,-1.97238
42.80227,-2.9881
43.36389,-2.504
43.25071,-2.92245
43.13729,-2.07328
43.22815,-3.35641
43.31935,-1.98121
43.25567,-2.9243
43.25372,-2.93738
42.8005,-2.98663
43.02439,-2.99522
43.3273,-3.015
42.9946,-2.56307
42.99395,-2.56427
42.9946,-2.56307
42.99488,-2.56372
43.26329,-2.92654
43.30242,-3.03458
43.39205,-2.99054
43.2554,-2.92631
43.25475,-2.9289
43.36235,-1.79278
43.28338,-2.1259
43.36332,-2.54689
43.25475,-2.92579
43.26789,-2.93297
43.25937,-2.94313
43.32061,-3.02014
43.099483,-2.083068
43.31711,-1.98511
43.26576,-2.93071
42.86288,-2.67558
43.35934,-3.0124
43.38172,-2.99526
43.31845,-1.98176
43.25476,-2.92636
43.31383,-1.98297
43.29174,-2.97021
43.36428,-2.80355
43.32008,-1.95592
43.2575,-2.94193
43.24928,-2.91839
43.25869,-2.94756
43.25813,-2.94428
43.30091,-2.98664
43.26563,-2.95589
43.31707,-1.98308
43.31697,-1.98396
43.31614,-1.98325
43.31758,-1.98262
43.0294,-2.49142
43.02909,-2.49097
43.0291,-2.49105
43.03062,-2.49077
43.02966,-2.49052
43.03069,-2.49112
43.30944,-1.99438
43.26876,-2.91883
43.42002,-2.72109
43.36312,-2.85057
42.86097,-2.6896
43.34427,-2.99787
43.31537,-1.98414
43.36088,-2.49806
43.32519,-1.97309
43.3238,-1.96978
43.28728,-2.16038
43.36212,-2.49588
43.25651,-2.93371
43.36202,-2.49388
43.36132,-2.49409
43.40639,-2.69867
43.36186,-2.49596
43.25717,-2.93884
43.25761,-2.93637
43.2579,-2.93758
43.36011,-2.49528
43.36048,-2.49553
43.38877,-2.62327
43.38877,-2.62328
43.3888,-2.6234
43.38875,-2.62333
42.51458,-2.6191
42.50312,-2.43391
42.503,-2.4355
43.25459,-2.94083
42.85093,-2.67955
43.32144,-1.98494
43.41811,-2.726
43.25563,-2.92517
43.29774,-2.21232
43.2108,-2.017
43.32328,-1.98693
43.29895,-1.88091
43.24658,-2.92152
43.03975,-2.65307
43.27142,-2.9455
43.25966,-2.921
43.29457,-2.98757
43.32173,-1.98547
43.29295,-2.98423
43.29462,-2.98548
43.34993,-2.65527
43.25464,-2.92545
43.32314,-3.01034
43.3149,-1.98975
43.31658,-1.98469
43.30301,-1.98001
43.35553,-3.00857
43.26543,-2.91669
43.30001,-2.99384
43.26661,-2.92173
43.30326,-1.97809
43.27779,-2.95839
43.38085,-2.99509
43.25806,-2.91711
43.38225,-2.99576
43.26783,-2.95542
43.30391,-2.20434
43.31158,-1.98121
43.25812,-2.01668
43.14495,-2.02562
43.14506,-2.02599
43.30557,-1.9758
43.14531,-2.02765
43.14608,-2.02601
43.32223,-1.98341
43.4202,-2.72684
43.41594,-2.93517
43.3358,-3.00306
43.26921,-2.92697
43.29906,-2.67334
43.29967,-2.67305
43.42484,-2.81404
43.3714,-2.85814
43.26677,-2.30013
43.26628,-2.29963
43.2669,-2.299
43.26532,-2.29877
43.26693,-2.29876
43.31466,-1.98792
43.31732,-1.98222
43.25997,-2.92117
43.36499,-1.7968
43.29943,-2.21101
43.42981,-2.8027
43.25753,-2.91838
43.25601,-2.93212
43.32525,-1.97518
43.25542,-2.92556
43.16966,-2.63741
43.35761,-3.00751
43.35609,-3.00834
43.32398,-2.98193
43.34049,-3.00215
43.35534,-2.62251
43.26185,-2.93073
43.25809,-2.92597
43.42859,-2.80796
43.2612,-2.92387
43.24873,-2.90638
42.75338,-2.47596
43.35477,-3.00842
43.26474,-2.92304
43.35833,-2.89969
43.25872,-2.91881
43.317116,-1.983538
43.3197,-1.94826
43.25925,-2.92286
43.26096,-2.91627
42.62661,-2.49805
43.25925,-2.92286
43.25943,-2.92301
43.25943,-2.92301
43.25943,-2.92301
43.25943,-2.92301
43.31678,-3.02494
43.2601,-2.92171
43.26038,-2.92144
43.26039,-2.92299
43.2599,-2.92116
43.20042,-2.53852
43.31319,-1.99563
43.30209,-2.56869
43.25389,-2.94053
43.30293,-1.99773
43.32513,-1.98274
43.32659,-3.01274
43.23092,-1.98571
43.25854,-2.93697
43.29533,-2.98985
42.84394,-2.67213
42.84453,-2.67226
42.84251,-2.67389
43.26764,-2.9392
43.25747,-2.94571
43.3009,-2.20791
43.27038,-2.03414
43.26919,-2.03555
43.27041,-2.03554
43.27048,-2.03417
43.30907,-1.98064
43.25426,-2.93209
43.2593,-2.9185
43.31377,-2.00553
42.84344,-2.67359
42.84308,-2.67335
43.32156,-1.94669
43.32036,-1.94674
43.32038,-1.94757
43.32191,-1.94806
43.25574,-2.9234
43.32305,-1.98668
43.25079,-2.9199
43.2777,-2.95814
43.28911,-1.83652
43.3508,-3.01293
43.28212,-1.85661
43.28226,-1.85704
43.25595,-2.92189
43.30869,-1.98118
43.26581,-2.93412
43.3452,-2.97633
43.25497,-2.92662
43.42009,-2.72096
43.33256,-1.86316
43.23041,-2.85352
43.42939,-2.8105
43.29114,-2.99413
43.3052,-1.97998
43.37988,-2.98263
43.26315,-2.94703
43.2688,-2.92804
43.17405,-2.91954
43.31163,-1.89947
42.84876,-2.67189
42.84839,-2.67191
43.32384,-1.98296
43.25566,-2.92066
43.25673,-2.948
43.25544,-2.9371
43.26578,-2.93049
43.2563,-2.92756
43.31023,-2.68058
43.178226,-2.312399
43.4066,-2.70082
43.32325,-1.9732
43.37508,-2.82172
43.31495,-1.98744
43.37523,-2.82208
43.32008,-1.98219
43.2692,-2.92182
43.25824,-2.91646
43.26738,-2.92363
43.25707,-2.92343
43.25566,-2.93959
43.30539,-1.97572
43.21016,-2.88744
43.25686,-2.93398
43.25457,-2.94209
43.26954,-3.15954
43.30013,-1.99105
43.27236,-2.95132
43.26857,-2.91861
43.38698,-2.95977
43.30016,-2.99525
43.25669,-2.94753
43.267464,-2.931291
43.25711,-2.15585
43.28701,-2.16254
43.28555,-2.17126
43.28556,-2.17113
43.28534,-2.16936
43.28704,-2.16919
43.26888,-2.92894
43.27005,-2.92939
43.26815,-2.92802
43.26996,-2.92958
43.26857,-2.92925
43.27008,-2.92921
43.26949,-2.9297
43.26928,-2.92958
43.24958,-2.16156
43.2493,-2.90937
43.2604,-2.9459
42.50462,-2.4333
43.36189,-1.79143
43.36189,-1.79143
43.25812,-2.92284
43.31911,-1.97395
43.39152,-2.98986
43.31548,-1.98365
42.55861,-2.51304
43.32226,-1.97807
43.2615,-2.94336
43.25645,-2.93246
43.26177,-2.94626
43.25022,-2.94254
43.28982,-1.98972
43.02725,-2.20661
43.26393,-2.94691
43.30299,-3.03578
43.24753,-2.15931
43.37,-2.50697
43.33373,-3.00696
43.26543,-2.9176
43.32455,-1.97263
43.32447,-1.97373
43.32442,-1.97417
43.25602,-2.9345
43.43248,-2.898
43.33651,-3.06088
43.32558,-1.97095
42.56923,-2.47191
43.24937,-2.15874
43.24878,-2.15949
43.28129,-2.96221
43.25712,-2.9272
43.27016,-2.92831
43.26943,-2.94497
43.25564,-2.92496
43.25469,-2.92709
43.278915,-2.12987
43.30447,-2.2032
43.26204,-2.93147
43.32717,-1.92211
43.26378,-2.94303
43.3234,-1.98617
43.25886,-2.94352
43.30673,-2.39077
43.22886,-1.98435
43.22911,-1.98544
43.22976,-1.98526
43.22976,-1.98384
43.22967,-1.98551
43.23028,-1.98562
43.22896,-1.98591
43.32036,-1.98205
42.70796,-2.92128
43.36472,-1.7927
42.96975,-2.99002
43.29474,-2.0027
43.31826,-1.98173
43.41782,-2.72327
43.41948,-2.72486
43.31866,-1.98013
43.41038,-2.94009
43.30356,-1.95908
43.30433,-1.95951
42.96471,-2.17579
43.26263,-2.94747
43.30675,-2.00696
43.33095,-3.03712
42.70763,-2.92123
43.25411,-2.90287
43.32194,-1.97086
43.42342,-2.72248
43.30711,-2.38324
43.30553,-1.97648
43.26534,-2.92956
42.7087,-2.92054
43.27189,-2.94676
43.32979,-2.42766
43.2732,-2.95817
43.36512,-2.50413
42.85432,-2.682
43.3001,-2.9243
43.25711,-2.92195
42.95662,-2.82448
43.28606,-2.15899
43.31506,-1.90385
43.42828,-2.80643
43.33026,-1.86884
43.42012,-2.7233
42.70936,-2.92142
43.2831,-2.1504
43.31616,-2.67646
43.39777,-2.69715
43.28002,-2.96126
43.4053,-2.70003
43.32988,-1.86867
43.27579,-2.94806
43.36444,-1.79597
43.25948,-2.90118
43.18675,-2.46484
43.32991,-1.86867
43.33103,-1.87092
43.26434,-2.94682
43.42012,-2.72022
43.28623,-2.17346
43.28243,-2.98172
43.25856,-2.92356
43.25249,-2.94754
43.25248,-2.94604
43.25073,-2.94775
43.25247,-2.94576
43.25235,-2.94571
43.25103,-2.94748
43.2529,-2.94751
43.25199,-2.94546
43.25261,-2.94574
43.32401,-1.98588
43.27097,-2.92676
42.5541,-2.58373
42.55324,-2.58349
42.55379,-2.58454
42.55508,-2.58506
43.31685,-1.97973
43.36149,-1.79041
43.28406,-2.35296
43.2853,-2.35404
43.28397,-2.35299
43.28552,-2.35406
43.2841,-2.35299
43.28532,-2.35401
43.28587,-2.35329
43.26964,-2.92655
43.28563,-2.35445
43.28526,-2.32518
43.28385,-2.15093
43.27205,-2.94625
43.40479,-2.94972
42.55198,-2.58617
42.97824,-2.39344
43.33509,-2.50725
43.30035,-2.20234
43.2496,-3.15562
43.32799,-3.02839
43.29886,-2.98917
43.27322,-1.99597
43.27765,-2.12998
43.34921,-2.65621
42.70986,-2.91371
43.42264,-2.72896
43.27124,-2.94539
43.31629,-2.67885
43.26805,-2.9387
43.03733,-2.15506
43.32173,-1.93573
42.8362,-2.66888
43.28233,-3.15481
43.26731,-2.9279
43.26748,-2.92679
43.26753,-2.92685
43.26599,-2.92687
43.26584,-2.92644
43.28366,-2.17657
43.3065,-2.37326
43.39372,-2.64371
43.28366,-2.17657
43.32334,-1.98179
43.32432,-1.98053
43.32278,-1.97883
43.31807,-1.98413
43.31661,-1.98282
43.26815,-2.95427
43.31115,-3.04008
43.35191,-3.08275
43.35224,-3.0825
43.31125,-3.03984
43.31127,-3.03895
43.30973,-3.03886
43.30986,-3.04021
43.36538,-1.79214
43.36457,-1.79367
43.36972,-1.80111
43.27865,-2.95744
43.28388,-2.98315
43.27072,-2.95176
43.09062,-2.73272
43.31714,-1.98437
43.31433,-1.98099
43.31939,-1.98285
43.31931,-1.98151
43.31592,-1.98562
43.32147,-1.98342
43.31338,-1.99922
43.32281,-1.97247
43.32136,-1.9724
43.32225,-1.97657
43.29929,-2.885
43.32358,-1.97701
43.30844,-1.97744
43.30842,-1.97763
43.31322,-2.00501
43.31617,-1.98047
43.313805,-2.007729
43.32428,-1.98461
43.31968,-1.98122
43.40833,-2.92597
43.25769,-2.94556
43.39254,-2.98839
43.26096,-2.92131
43.36327,-1.79646
43.320919,-2.00656
43.38663,-2.70032
43.41976,-2.72135
43.32459,-1.97629
43.30279,-3.0346
43.33972,-1.81721
43.33994,-1.81644
43.33935,-1.81615
43.33837,-1.81675
43.31505,-1.98172
43.26454,-2.91565
43.25894,-2.93603
43.31877,-1.94688
43.36914,-2.85426
43.25673,-2.93528
43.40816,-2.69861
43.31733,-2.87668
43.01347,-2.25385
43.31825,-2.8762
43.2546,-2.92012
43.4017,-2.69731
43.36664,-2.49987
43.36885,-3.00389
43.32428,-1.97619
43.42117,-2.72821
43.36874,-1.79375
43.26252,-2.92774
43.31587,-2.87904
43.2843,-2.16232
43.31941,-1.97747
42.84933,-2.67237
42.84844,-2.6736
43.42562,-2.81048
43.27535,-2.27244
43.24941,-2.92029
43.24805,-2.92102
43.24049,-2.6743
43.32166,-1.97711
43.40308,-2.64014
42.84426,-2.66416
42.84421,-2.66458
43.32178,-1.98448
43.36408,-1.79245
43.31525,-1.98306
43.25868,-2.94
43.26255,-2.93789
43.37087,-2.63834
43.26027,-2.94287
43.25779,-2.92405
42.71189,-2.9196
43.26647,-2.91826
43.13424,-2.20022
43.263,-2.93985
43.41726,-2.72199
43.36484,-2.99926
43.31049,-1.98136
42.84304,-2.65616
43.26431,-2.95091
43.31113,-2.01311
43.40313,-2.6379
43.31652,-1.97054
43.23362,-3.20848
42.85439,-2.66629
43.41889,-2.72185
43.25643,-2.91869
43.36886,-1.79583
43.26616,-2.92303
43.30354,-2.20239
43.30337,-2.20314
43.30337,-2.20309
43.30469,-2.01857
43.22911,-2.85404
43.302189,-2.019886
43.38609,-2.98634
43.302189,-2.019886
43.36537,-2.50739
43.0572,-3.0019
43.3729,-1.7996
43.26797,-2.92338
42.80356,-2.98377
43.14114,-2.48635
42.56918,-2.67704
42.56759,-2.67872
42.5693,-2.67896
42.56911,-2.67782
42.56742,-2.67734
43.31298,-1.98245
43.26801,-2.92777
43.32088,-1.98161
43.26487,-2.92259
43.26292,-2.93829
43.1836,-2.60105
43.35503,-3.01596
43.24703,-1.99263
43.34884,-3.00918
43.24718,-1.9919
43.32112,-1.977
43.24739,-1.99339
43.25582,-2.92647
43.31645,-1.9826
43.32264,-3.02405
43.28421,-2.16691
43.3201,-1.97218
43.37082,-1.79398
43.30183,-2.2084
43.34983,-3.01138
43.30332,-2.20694
43.30323,-2.20848
43.30185,-2.20665
43.30272,-2.20649
43.30259,-2.20644
43.26411,-1.97806
43.31233,-1.99094
43.25806,-2.92071
43.02484,-2.33298
43.23555,-2.89234
43.32237,-1.97566
43.2982,-2.98919
43.36862,-1.79287
43.31583,-1.98336
43.41079,-2.69943
43.40903,-2.70091
43.27301,-2.94754
43.3273,-3.01117
43.25622,-2.91475
43.28384,-2.16684
43.32262,-1.98625
43.33573,-1.79905
43.37178,-1.79819
43.29852,-2.25571
43.25846,-2.92277
43.34371,-3.12549
43.18293,-2.27273
43.31962,-1.9819
43.30639,-2.00512
43.32246,-1.97147
43.28304,-2.16796
43.28382,-2.16806
43.36304,-2.54591
43.31988,-1.97928
43.25475,-2.93693
43.32543,-1.97222
43.29105,-1.965
43.42045,-2.72362
43.20069,-2.0963
43.36388,-1.79322
43.342,-1.82983
43.32088,-1.97426
43.31533,-1.98083
43.40769,-2.70069
43.26792,-2.49657
42.83767,-2.66649
43.40866,-2.69977
43.42061,-2.72401
43.31888,-1.98188
43.31538,-1.95269
43.16746,-2.6317
43.34213,-3.01016
43.2703,-2.92664
43.28258,-2.17445
43.31761,-1.98368
43.37467,-1.79739
43.31539,-1.97929
43.27856,-2.12752
43.32219,-1.97354
43.25833,-2.9321
43.32394,-1.97787
43.26538,-2.93267
43.25761,-2.91794
43.42114,-2.72543
43.27534,-2.12441
43.24957,-2.91109
43.2666,-2.9336
43.43183,-2.81314
43.38485,-3.00157
43.35081,-3.01501
43.3066,-1.97489
42.86029,-2.69475
43.31044,-2.99928
43.31561,-1.98199
43.32459,-1.97246
43.2652,-2.91646
42.86033,-2.69612
43.30299,-2.20488
43.26621,-2.92054
43.26816,-2.93108
43.32353,-1.97328
43.25678,-2.94017
43.25575,-2.93155
43.30396,-1.97817
43.2532,-2.90613
43.27371,-2.00849
43.40751,-2.69807
43.26527,-2.92719
43.25591,-2.92811
43.41895,-2.72506
43.25672,-2.92471
43.25816,-2.92431
43.25699,-2.92629
43.28253,-2.17637
43.30956,-1.99451
43.3468,-3.00634
43.12251,-2.53769
43.28389,-2.17711
43.26255,-2.9631
43.06621,-2.49414
43.28595,-2.18058
43.28511,-2.1732
43.2731,-2.00702
43.3148,-1.97907
43.32531,-2.98272
43.31113,-2.00524
43.31058,-2.00029
43.31029,-2.00168
43.31127,-2.00078
43.31202,-2.00058
43.312,-2.00075
43.42129,-2.72506
43.25755,-2.92109
43.37274,-2.99026
43.25565,-2.9412
43.26927,-2.92363
43.25691,-2.92556
43.26989,-2.92871
43.29219,-2.35574
43.27711,-2.12458
43.30445,-2.20277
43.30475,-2.20268
43.30458,-2.20288
43.27125,-2.92397
43.32804,-1.96963
43.01794,-2.33398
43.32445,-1.97788
43.43021,-2.81319
43.31217,-1.91006
43.31902,-1.98436
43.02415,-2.33264
43.28761,-2.16631
43.37147,-1.79585
43.41954,-2.72398
43.32141,-1.97797
43.32094,-1.98266
43.37036,-1.81575
43.32452,-1.97295
43.32185,-1.9792
43.36278,-2.50539
43.36334,-1.79205
43.28487,-2.0009
43.26058,-2.94059
43.2737,-2.00845
43.27356,-2.00824
43.42131,-2.72192
43.32325,-1.97274
43.25793,-2.92373
43.34193,-1.791249
43.38299,-2.98947
43.34215,-1.79197
43.42823,-2.813972
43.31836,-1.9579
42.84908,-3.09962
43.37393,-2.67347
43.27167,-2.94548
43.26965,-2.94636
43.27076,-2.94622
43.26973,-2.94518
43.26977,-2.94534
43.27142,-2.94622
43.27096,-2.94511
43.26958,-2.94613
43.27097,-2.94669
43.31509,-1.98727
43.32277,-1.97543
43.27501,-2.00826
43.31429,-1.99327
43.31128,-1.98137
43.26804,-2.92866
43.32408,-1.97557
43.2532,-2.91757
43.31642,-1.98456
43.31537,-1.98234
43.31525,-1.98225
43.4291,-2.81144
43.248,-2.91127
43.30497,-2.20421
43.30336,-2.20417
43.3046,-2.20475
43.305,-2.20422
43.2745,-2.00724
43.30326,-2.20425
43.31786,-1.975563
43.31786,-1.975563
43.31786,-1.975563
43.31786,-1.975563
43.31786,-1.975563
43.31786,-1.975563
43.31786,-1.975563
42.5519,-2.58459
42.55328,-2.58498
43.29001,-3.16369
43.323429,-1.983988
43.29014,-3.1652
43.25578,-2.92228
43.31529,-1.98222
43.24794,-2.91139
43.24793,-2.91025
43.2479,-2.91025
43.32323,-1.98661
43.31503,-1.9894
43.31474,-1.98925
43.31458,-1.99103
43.31547,-1.98425
43.3259,-1.97366
43.32261,-1.98413
43.31877,-1.98418
42.70889,-2.92211
43.28065,-1.9454
43.32253,-1.98445
43.32192,-1.98469
43.32289,-1.98455
43.31462,-1.98606
43.32384,-1.98534
43.36479,-2.50347
43.25558,-2.92424
43.36552,-2.50357
43.40551,-2.94596
42.8152,-2.81557
43.25432,-2.93875
43.29809,-2.25465
43.2836,-2.9974
43.32449,-1.97352
43.26738,-2.92456
43.31111,-1.9574
43.26738,-2.92456
42.84713,-2.67249
43.26638,-2.92521
42.84783,-2.67201
42.84713,-2.67249
43.29384,-2.25519
43.31035,-2.67756
42.86109,-2.47273
43.32718,-1.9691
43.39343,-2.97316
43.26175,-2.94176
43.24881,-2.91209
43.4273,-2.80406
43.12986,-2.76192
43.34779,-3.00225
43.36707,-2.5013
43.1337,-2.67017
43.31285,-1.95593
43.26068,-2.93663
43.1327,-2.08302
43.42951,-2.80671
43.21939,-2.73294
43.25709,-2.9186
43.2651,-2.91425
43.13479,-2.07649
43.25696,-2.92258
43.3217,-1.97921
43.32085,-2.00776
43.32257,-1.98836
43.31981,-1.98349
43.32538,-1.97489
42.56108,-2.51145
43.3428,-1.79956
43.31661,-1.98095
43.26515,-2.32617
43.32338,-1.97634
43.31806,-1.97968
43.32297,-1.97387
43.32168,-1.979
43.32474,-1.974
43.32017,-1.97881
43.26308,-2.94164
43.14915,-2.78897
43.31761,-1.98571
43.24826,-2.91017
43.25656,-2.94508
43.24947,-2.90994
42.85006,-2.66925
42.84842,-2.66863
42.84897,-2.66973
42.84897,-2.66973
42.84897,-2.66973
43.32256,-1.97397
43.25543,-2.92191
43.25779,-2.94424
43.18324,-2.46885
43.25853,-3.14322
43.25899,-3.14333
43.26035,-3.14324
43.26215,-3.15464
43.26082,-3.14171
43.317,-1.98428
43.31568,-1.9847
43.31218,-1.98002
42.95345,-2.89956
42.84664,-2.68141
42.84833,-2.68093
42.84883,-2.68099
43.31896,-1.97978
43.31458,-1.99166
42.84794,-2.68176
42.84672,-2.68312
43.25676,-2.92078
43.25582,-2.93077
43.32315,-1.98435
43.124325,-1.975216
43.32273,-1.90096
43.36327,-2.50523
43.30916,-2.01176
43.31026,-1.97261
43.25352,-2.92185
43.26684,-2.93761
43.41962,-2.72505
43.316921,-1.980526
43.28482,-2.18042
43.38908,-1.79237
43.31527,-1.9826
43.4255,-2.80309
43.42686,-2.81221
43.11093,-2.01694
43.31483,-1.98913
43.31988,-1.98263
43.25081,-2.91319
43.2569,-2.93803
43.25919,-2.94046
43.36407,-2.50482
43.2571,-2.5671
42.55444,-2.58537
42.55441,-2.58535
42.55444,-2.58536
43.26421,-2.91336
43.32808,-1.96988
43.26947,-2.95559
43.22127,-2.02253
43.16322,-2.17598
43.16359,-2.17661
43.1206,-2.77171
43.31204,-2.00001
42.84739,-2.67047
43.31756,-1.98377
42.55191,-2.58545
42.555,-2.5863
43.301228,-2.251803
43.32247,-1.98299
42.5032,-2.50682
43.41814,-2.72738
43.2557,-2.92875
43.363083,-2.505578
43.37655,-2.95497
43.25552,-2.92436
43.326874,-3.008434
43.32665,-3.00788
43.32355,-1.97193
43.25838,-2.9196
43.25608,-2.90074
43.31544,-1.98181
43.34377,-1.79749
43.25687,-2.94007
43.33078,-1.84071
43.32248,-1.98553
43.26626,-2.93376
42.74166,-2.87637
43.3243,-1.97476
43.37943,-2.97898
43.32074,-1.98061
43.32118,-1.98112
43.32118,-1.98112
43.31813,-1.98189
43.31813,-1.98189
42.9596,-2.84181
43.16517,-2.24676
43.23833,-2.25781
43.27884,-2.97935
43.3224,-1.98273
43.32309,-1.98131
43.31459,-2.41283
43.29231,-2.97246
43.2919,-1.97621
43.3002,-2.97673
43.16436,-2.24817
43.16602,-2.24678
43.16405,-2.24804
43.16575,-2.24892
43.16589,-2.24752
43.16604,-2.24859
43.26117,-2.9364
43.25931,-2.92114
43.31561,-1.98018
43.22592,-1.97783
43.17429,-2.91866
43.25744,-2.92601
43.25749,-2.92515
43.305939,-1.850886
43.36794,-1.79332
43.27579,-2.95787
43.32402,-1.97012
43.305939,-1.850886
43.305939,-1.850886
43.30555,-1.85027
43.32726,-1.97154
43.25831,-2.92878
43.29765,-2.99018
43.32465,-1.98259
43.34079,-3.00774
43.3825,-2.98691
43.21665,-2.41159
43.322506,-1.966777
43.25266,-2.93416
43.39245,-2.69413
43.31422,-1.98145
43.32089,-1.98105
43.31796,-1.98024
43.31679,-1.98197
43.41765,-2.72253
43.3244,-1.96777
43.40557,-2.69861
43.26671,-2.92419
43.26782,-2.92518
43.26671,-2.92534
43.25521,-2.91582
43.26828,-2.92411
43.37771,-2.95883
43.3585,-3.00844
43.38446,-2.67873
43.3242,-1.98499
43.32214,-1.973
43.25611,-2.94346
43.36234,-1.79232
43.256634,-2.916693
43.25949,-2.92361
43.30164,-2.98269
43.38184,-2.58113
43.31885,-1.95413
43.2937,-2.98827
43.36301,-2.50509
43.32516,-1.97135
43.33863,-1.78981
43.12223,-2.76982
42.58905,-2.79191
43.314129,-1.980039
43.42112,-2.72209
43.27991,-2.17322
43.28159,-2.17249
43.17158,-2.57256
43.362289,-1.792337
43.41901,-2.72253
43.28926,-2.24041
43.28173,-2.98092
43.41722,-2.72497
43.29576,-2.25925
43.25508,-2.93336
43.42118,-2.72599
43.28712,-2.16917
43.28377,-2.17283
43.29612,-2.01392
43.17256,-2.30835
43.30153,-2.37544
43.30034,-2.37557
43.30172,-2.37401
43.29969,-2.37608
43.29972,-2.37615
43.30131,-2.37486
43.2678,-2.93289
43.18809,-3.04444
43.29654,-2.0125
43.3149,-1.9799
43.28672,-2.17335
43.28515,-2.17548
43.31507,-1.98678
43.40653,-2.69959
43.34388,-3.01077
43.34472,-3.12649
43.42886,-2.80719
43.38239,-2.8059
43.37685,-2.80396
43.38154,-2.80615
43.38148,-2.80572
43.38252,-2.80442
43.32376,-1.97423
43.27367,-2.97304
43.4053,-2.94541
43.26772,-2.93286
43.36325,-3.01624
43.35066,-2.65267
43.2861,-2.166
43.26859,-2.90855
43.26999,-2.90838
43.26976,-2.91048
43.26848,-2.90884
43.2686,-2.90902
43.32842,-1.96922
43.26326,-2.937063
43.28085,-2.00582
42.85116,-2.6759
43.30388,-1.98293
43.362164,-2.496209
42.85493,-2.66964
43.2617,-2.91506
43.38916,-2.99036
43.2587,-2.92338
43.28706,-2.17307
43.25812,-2.92306
43.2567,-2.92462
43.314838,-1.90137
43.26127,-2.94502
43.32279,-1.93863
43.25751,-2.92316
43.25674,-2.92439
43.25724,-2.92311
43.25889,-2.92474
43.25716,-2.92337
43.25887,-2.92303
43.25811,-2.92271
43.25904,-2.9229
43.25743,-2.9244
43.25719,-2.92488
43.3234,-1.97778
43.25828,-2.9243
43.25682,-2.92324
43.26829,-2.02089
43.29895,-2.98238
43.31204,-2.67876
43.32432,-2.66535
43.23899,-2.15151
43.3098,-1.98094
43.37574,-2.98668
43.31986,-1.97504
43.31933,-1.97897
43.32451,-2.66524
43.32399,-2.66585
43.32386,-2.66759
43.31573,-1.98647
43.31614,-1.97961
43.3778,-2.98967
43.25464,-2.92006
43.420788,-2.723732
43.28582,-2.177
43.27771,-2.12938
43.32069,-1.98363
43.33822,-2.78301
43.31752,-1.97326
43.139378,-2.529833
43.4064,-2.69843
43.313648,-1.987196
43.14415,-2.67266
43.3155,-1.98555
43.31473,-1.98421
43.31544,-1.98517
43.32423,-1.98157
43.31787,-1.96819
43.32361,-1.93854
43.30005,-2.0628
43.25733,-2.93958
43.3633,-1.79056
43.34276,-1.76713
43.30519,-2.97304
43.03018,-2.41248
43.31694,-1.98564
42.841045,-2.661627
42.95636,-2.65011
43.30996,-3.00139
43.35276,-3.07935
43.31998,-3.01766
43.1386,-2.96132
43.31891,-1.98327
43.31044,-3.00137
43.36861,-1.8016
43.27876,-2.17267
43.29322,-2.38466
43.41232,-2.93425
43.39303,-2.98572
43.31974,-1.98082
43.36619,-2.94398
43.32173,-3.01694
43.28319,-2.98136
43.42413,-2.8088
43.30762,-1.99041
43.30714,-2.38618
43.32425,-1.97459
43.31442,-1.99067
43.25837,-2.91778
43.32295,-1.98451
43.3225,-1.98365
43.32267,-1.9847
43.32538,-1.98363
43.3054,-1.97545
43.31677,-1.93326
43.320724,-1.980568
43.40083,-2.82177
43.27581,-2.97538
43.30486,-1.97462
43.43036,-2.81156
43.32108,-2.42539
43.32691,-1.9202
42.59194,-2.79499
43.40752,-2.81917
43.40707,-2.82094
43.40623,-2.8208
43.40764,-2.82074
43.32045,-1.943537
43.42366,-2.81425
43.25464,-2.91173
43.27012,-2.9481
43.33179,-1.83729
43.43915,-2.78187
43.43956,-2.7828
43.4415,-2.78359
43.4411,-2.78194
43.44164,-2.78349
43.41498,-2.93861
43.31249,-2.00422
43.38037,-2.98682
43.2729,-3.27047
43.25904,-2.92347
43.32468,-1.9714
43.403465,-2.69895
43.32273,-1.97589
43.32026,-1.98033
43.3199,-1.97922
43.322842,-1.985875
43.24855,-2.11472
43.24847,-2.11297
43.18438,-2.26416
43.32213,-1.97631
43.29817,-2.47403
43.32031,-1.97588
43.25843,-2.93417
43.27732,-2.1293
42.57808,-2.49573
43.33991,-1.79394
43.28425,-2.18081
43.25179,-2.93813
43.32434,-2.85461
43.30953,-2.00802
43.25251,-2.91625
43.32606,-3.01361
43.31792,-1.98459
43.26111,-2.00242
43.317272,-1.984069
43.31631,-1.98574
43.31623,-1.98396
43.3149,-1.98421
43.31465,-1.98618
43.2997,-2.21093
43.27954,-2.12967
43.25859,-2.92156
43.31637,-1.98278
43.23663,-2.13714
43.32688,-3.00708
43.30324,-1.97981
43.248138,-2.163014
43.32215,-3.01595
43.30978,-2.68263
43.32432,-1.98038
43.34753,-3.0008
43.31521,-1.97272
43.28789,-2.97988
43.280418,-2.114402
43.05192,-2.99147
43.26768,-2.92482
43.286568,-2.167759
43.312145,-1.988363
43.38002,-1.79877
43.323334,-1.972837
43.31389,-1.90208
43.254631,-2.927939
43.254631,-2.927939
43.254631,-2.927939
43.32645,-1.97028
43.37658,-2.98894
43.28691,-2.16825
43.32395,-1.96768
43.28748,-2.17352
43.282,-2.17738
43.28226,-2.17849
43.32316,-1.97545
43.28378,-2.17671
43.14876,-2.97
43.3231,-1.97371
42.65022,-2.78339
43.26156,-2.0006
43.3717,-1.79941
43.32391,-1.97432
43.26133,-2.00101
43.32167,-1.97423
43.321327,-1.975424
43.325329,-3.030483
43.2715,-2.94987
43.34028,-1.81006
43.318474,-1.98326
42.860931,-3.03978
43.30034,-2.99207
42.86198,-3.03882
43.29701,-2.56361
43.12593,-2.76452
43.26189,-2.93796
43.29812,-2.56379
43.3505,-3.1117
43.32528,-1.97307
43.25979,-2.0017
43.25993,-2.00258
43.40043,-2.96001
43.40012,-2.95801
43.26166,-2.93819
43.26045,-2.93866
42.85152,-2.66912
43.37926,-2.97538
43.36326,-1.79202
43.27249,-2.00948
43.31381,-2.00387
43.2869,-2.17664
43.2766,-2.07146
42.84528,-2.67414
43.4232,-2.72583
43.32238,-1.97759
43.38686,-2.562358
43.39555,-2.63497
43.36188,-1.79145
43.32591,-1.92402
43.30727,-2.00683
43.28495,-2.17297
43.32536,-1.98354
43.40254,-2.69806
42.84998,-2.66939
43.06458,-2.49153
43.25577,-2.91519
43.31489,-2.00401
43.26106,-2.00047
43.2598,-2.0006
43.31288,-1.98295
43.31394,-1.98306
43.31413,-1.98323
43.32371,-1.98396
43.32289,-1.98295
43.3243,-1.9825
43.32293,-1.98413
43.32249,-1.98422
43.32361,-1.98378
43.34793,-1.77819
43.31248,-2.00313
43.37905,-2.98182
43.27182,-2.94869
43.42842,-2.80712
43.32313,-1.97588
43.43194,-2.81275
43.2493,-2.91966
43.36155,-2.66684
43.27393,-2.12666
43.3249,-1.98406
43.32184,-1.98115
43.32114,-1.98276
43.29295,-1.97225
43.24918,-2.92105
43.32216,-1.97557
43.2487,-2.92136
43.24901,-2.91944
43.25003,-2.92078
43.28658,-2.15868
43.24709,-2.93377
43.31947,-1.98178
43.31991,-1.97666
43.35494,-3.01197
42.8379,-2.64854
43.31607,-1.9841
43.31843,-1.98507
43.26677,-2.92178
43.28231,-2.12704
43.300934,-1.992206
43.30126,-1.99138
43.366589,-2.503046
43.3149,-1.98263
43.31321,-2.00402
43.25892,-2.93408
43.31285,-2.00475
43.36227,-1.79164
43.36226,-1.79146
43.36237,-1.79233
43.36411,-1.79096
43.36188,-1.79311
43.27637,-2.12707
43.32466,-1.9742
43.25503,-2.93514
43.30969,-1.99975
43.32586,-1.97384
43.13777,-2.53524
43.30226,-2.36365
43.41825,-2.80458
43.12399,-1.97657
43.31825,-1.98177
43.36493,-2.50573
43.3153,-1.98955
43.3188,-1.92615
43.39278,-2.98844
43.27696,-2.12635
43.31836,-1.98042
43.25578,-2.922
43.2554,-2.9363
42.49504,-2.57312
43.31807,-1.97883
43.31605,-1.98373
43.25021,-2.9111
43.2997,-1.86174
43.36296,-2.50361
43.268822,-2.929004
43.30865,-1.99078
43.32174,-1.9765
43.26398,-2.95674
43.31679,-1.98578
43.313663,-1.985725
43.34388,-1.80494
43.36664,-2.69395
43.41932,-2.72521
43.3685,-1.79287
43.36192,-1.79173
43.41908,-2.81296
43.41878,-2.8131
42.84808,-2.68129
43.2584,-2.93654
42.85158,-2.66875
43.24948,-2.92119
42.49407,-2.57162
43.30474,-1.9957
43.32355,-1.96969
43.29367,-2.25483
43.26092,-2.90626
43.31892,-2.0159
43.25597,-2.9413
43.41728,-2.81363
43.32397,-1.9859
43.32408,-1.9848
43.32223,-1.97666
43.32226,-1.98463
43.3876,-2.56273
43.38611,-2.56142
43.32051,-1.94772
43.36883,-2.92619
43.35506,-3.00622
42.71631,-2.96619
43.32364,-1.98409
43.26741,-1.97979
43.36621,-1.79259
43.32716,-1.84186
43.30479,-1.97827
43.2583,-2.92005
43.25991,-2.92112
43.26475,-2.93009
43.26,-2.93358
42.84321,-2.66963
43.30609,-1.97647
43.367508,-2.505565
43.30444,-1.97834
43.32185,-1.97913
43.40297,-2.63954
43.31852,-3.00447
43.32212,-2.97874
42.55435,-2.58561
42.55606,-2.5842
42.55626,-2.58591
42.5547,-2.58625
42.5548,-2.58562
42.55577,-2.58599
42.55602,-2.58597
42.5546,-2.58532
42.55473,-2.58437
43.32265,-1.97816
43.30321,-1.97663
43.30077,-1.95611
43.34726,-3.00939
43.36413,-2.50769
43.21769,-2.42079
43.34696,-3.01064
43.34752,-3.00988
43.27433,-3.13863
42.84515,-2.66229
43.40763,-2.70006
43.31863,-1.98324
43.30309,-1.97837
43.3243,-1.97793
43.26048,-2.93737
42.55626,-2.58425
43.25751,-2.91533
43.25773,-2.93145
43.29547,-2.26044
43.25685,-2.93735
42.75816,-2.92648
43.35033,-3.00847
42.849781,-2.666671
43.26181,-2.92614
43.25432,-2.93309
43.26636,-2.92689
43.25707,-2.93634
43.25981,-2.92238
43.25562,-2.93799
43.26843,-2.92546
43.26174,-2.93911
43.20492,-2.36178
43.30405,-2.20383
43.223,-3.33453
43.25621,-2.94562
43.25577,-2.94639
43.25703,-2.94513
43.25708,-2.94668
43.25714,-2.94625
43.25746,-2.94648
43.25738,-2.94488
43.25384,-2.93067
43.25618,-2.92909
43.31695,-1.98176
43.32192,-1.96627
43.365528,-1.796742
43.40403,-2.87179
43.31002,-3.03892
43.2567,-2.9465
43.41869,-2.7189
43.25722,-2.94525
43.25671,-2.9472
43.25581,-2.94707
43.25545,-2.94629
43.25756,-2.94625
43.25563,-2.94696
43.25712,-2.94495
43.25695,-2.94685
43.30475,-1.98824
43.29614,-2.99085
43.36506,-2.50371
42.84838,-2.6826
43.25407,-2.92532
43.25649,-2.93932
43.36236,-3.00653
43.25993,-2.90073
43.314526,-1.979982
43.03522,-2.40591
43.32377,-1.97741
43.25568,-2.93526
43.29175,-2.01605
43.25825,-2.92484
43.314526,-1.979982
43.30297,-1.99384
43.31909,-1.98208
43.31752,-1.98319
43.31754,-1.983
42.84832,-2.67034
43.36287,-1.82242
43.336102,-1.787322
42.69439,-2.33476
42.69457,-2.33414
42.69587,-2.33625
43.13946,-2.53718
42.72342,-2.87112
43.36866,-1.79498
43.18449,-2.4769
43.26475,-2.95664
43.31819,-3.09728
43.29155,-1.99349
43.25084,-2.91355
43.02442,-2.33395
43.25652,-2.93492
43.32196,-3.01968
43.26004,-2.93545
43.31827,-1.98493
42.8599,-2.67551
43.29658,-1.95397
43.31987,-1.94602
43.33968,-1.78351
42.84951,-2.6698
43.36546,-1.79414
43.34237,-1.79931
43.08911,-2.42349
43.41892,-2.72862
43.30807,-2.38334
43.30607,-1.9764
43.32268,-3.0158
43.26079,-2.94342
43.25681,-2.9176
43.308,-2.37295
43.02545,-3.00589
43.31107,-1.98101
43.27125,-2.94593
43.42127,-2.72182
43.33261,-1.82476
43.420349,-2.731219
43.08388,-2.31749
43.25403,-2.9158
42.85004,-2.6702
42.85003,-2.67007
43.40129,-2.95587
43.32343,-1.76314
43.25884,-2.93096
43.38206,-3.0001
43.37058,-1.79659
43.32489,-3.01636
43.32038,-2.67982
43.25586,-2.91672
42.84231,-2.68545
43.27209,-2.94668
43.38725,-2.87227
43.31004,-1.99754
43.17837,-2.63264
43.17635,-2.63283
43.17687,-2.63391
43.17777,-2.63414
43.17758,-2.63442
43.285,-2.167
43.32352,-1.76449
43.285503,-3.055654
43.32156,-1.97862
43.32306,-1.93578
43.28976,-2.1798
43.31749,-1.95482
43.41547,-2.72392
43.25655,-2.92339
43.36944,-1.79663
43.2757,-2.95954
43.31573,-2.98377
43.27221,-2.95001
43.25924,-2.93736
43.29489,-2.35235
43.36533,-2.50126
43.41091,-2.69989
43.407681,-2.698367
43.407742,-2.698367
43.3238,-1.98525
43.32526,-1.76246
43.28955,-1.80156
43.31826,-1.98498
43.31879,-1.98482
43.31995,-1.98519
43.407742,-2.698367
43.32018,-1.98348
43.3203,-1.98381
43.407742,-2.698367
43.31893,-1.98284
43.39469,-2.9721
43.32358,-1.98367
43.2555,-2.92511
43.27224,-2.94868
43.14298,-2.16443
43.38431,-2.9893
43.38474,-2.98455
42.84742,-2.65052
43.35467,-3.00819
43.41971,-2.72519
43.16513,-2.63318
43.25456,-2.93169
43.40858,-2.69976
43.273834,-3.271054
43.30125,-1.96529
43.26337,-2.94339
43.31668,-1.98531
43.3206,-1.98106
43.32437,-1.98275
43.36822,-3.00451
43.3168,-1.98714
43.31369,-1.98027
43.32435,-1.97405
43.31322,-1.98248
43.17822,-2.26824
43.31878,-1.98297
43.31689,-1.98549
43.31594,-1.9866
43.32072,-1.9848
43.31832,-1.98215
43.31665,-1.98446
43.31343,-1.98409
43.31471,-1.98348
43.32357,-1.97242
43.3144,-1.98026
43.3128,-2.00348
43.25745,-2.91742
42.99319,-3.00942
43.32371,-1.98228
43.323849,-1.98349
43.31487,-1.9039
43.31964,-1.9487
43.35233,-3.01833
43.31514,-1.98466
43.32236,-1.98627
43.258999,-2.922679
43.32198,-1.98537
43.36469,-1.79188
43.31035,-1.97182
43.34023,-1.76026
43.32277,-1.97495
43.2531,-2.92167
43.26526,-2.91439
43.31731,-1.97544
43.25407,-2.23835
43.25967,-2.92449
43.32351,-1.97643
43.32175,-3.01909
43.25297,-2.93179
43.26356,-2.92591
42.85794,-2.69432
43.32282,-3.02633
43.24669,-2.90999
43.26169,-2.94303
43.25375,-2.93163
43.40596,-2.94712
42.85083,-2.67903
43.1786,-2.90267
43.266064,-2.921883
43.41942,-2.72145
43.3734,-2.98944
43.35249,-3.01171
43.253475,-2.932859
43.32212,-1.97426
43.31955,-1.98261
42.84725,-2.66225
43.29678,-2.25938
43.16605,-2.63274
43.26707,-2.92152
43.33135,-2.52388
43.2718,-2.94892
43.42215,-2.72022
43.34085,-1.76127
43.31449,-2.0022
43.08482,-2.32013
43.41976,-2.72403
43.315361,-1.900843
43.29519,-2.98887
43.32752,-3.06255
43.30218,-3.03499
43.25719,-2.89838
43.17991,-2.31151
43.18091,-2.31237
43.17962,-2.31246
43.25869,-2.92144
43.32354,-1.97265
43.32344,-1.98438
43.31972,-1.98333
43.2527,-2.93237
43.25611,-2.92484
43.318058,-1.939033
43.36418,-1.79152
43.3228,-2.42234
43.36758,-2.82807
43.2751,-2.95895
43.33789,-2.84396
43.26113,-2.93691
43.25627,-2.92899
42.809,-3.02637
43.25375,-2.93416
43.32487,-3.01119
43.25595,-2.92814
43.32457,-1.98359
43.29826,-1.95988
43.27085,-1.979
43.31597,-1.90334
42.75042,-2.4025
43.322338,-1.978099
43.30873,-3.04176
42.493378,-2.57402
43.31643,-1.98593
42.955364,-2.819341
43.32538,-3.00973
42.516327,-2.620636
43.25877,-2.92363
43.4307,-2.80111
43.32393,-1.98551
43.32364,-1.98558
43.32501,-1.9841
43.32566,-1.98353
43.32509,-1.9857
43.32422,-1.98426
43.32563,-1.98555
43.32259,-1.9862
43.25851,-2.92285
43.25703,-2.92232
43.25889,-2.92758
43.28661,-2.17511
43.31586,-1.98385
43.32328,-1.97259
43.34798,-2.65772
43.18229,-2.26365
43.41869,-2.72643
43.26682,-2.93414
43.32835,-2.99126
43.2854,-2.1775
43.403999,-2.947725
43.403999,-2.947725
43.25849,-2.91697
43.26716,-2.91727
43.312611,-2.005734
43.2604,-2.94234
43.303761,-2.808597
43.116917,-2.729763
43.333767,-3.041754
43.26285,-2.94102
43.312611,-2.005734
43.315399,-1.901106
43.26371,-2.82791
43.25958,-2.82183
43.258408,-2.922315
43.2973,-1.95308
43.32418,-1.97227
43.312611,-2.005734
43.312611,-2.005734
43.30777,-2.01671
43.31471,-2.00187
43.25929,-2.93379
43.257088,-2.918834
43.26158,-2.94061
43.42898,-2.8108
43.31701,-1.9844
43.13475,-2.0745
43.266304,-2.921797
43.31438,-2.00133
43.41049,-2.69934
42.85003,-2.6737
43.35244,-3.00953
43.35014,-3.00941
43.26711,-2.93085
42.56444,-2.63372
43.21571,-2.10527
43.21753,-2.10677
43.21725,-2.10608
43.21565,-2.10687
43.216,-2.10683
43.21701,-2.10557
43.27043,-3.25578
43.27158,-3.25595
43.27088,-3.25715
43.27225,-3.25604
43.258659,-2.933086
43.25958,-2.93266
43.25766,-2.93274
43.25973,-2.93387
43.35325,-3.00799
43.17291,-2.24852
43.31992,-1.98262
43.32631,-1.91948
43.25946,-2.906
42.55081,-2.58387
43.256813,-2.923429
43.30212,-2.98061
43.32238,-1.97745
43.25724,-2.94441
43.3094,-3.04054
43.30965,-3.00494
43.25905,-2.92695
43.25222,-2.91103
43.256634,-2.9228
43.31717,-1.98449
43.31685,-1.98472
43.26944,-2.91879
43.31524,-1.98597
43.31684,-1.98558
43.25492,-2.93014
43.32459,-1.98725
43.31753,-1.98049
43.32624,-1.9231
42.95459,-2.81868
42.95449,-2.81887
42.955326,-2.819352
42.9547,-2.81986
43.09563,-2.01176
43.09373,-2.01325
43.32036,-3.024
43.406345,-2.947666
43.24769,-2.88689
43.29181,-2.98598
43.26798,-2.92907
43.31709,-1.98193
43.25774,-2.92205
43.25671,-2.92775
43.3151,-1.98572
43.323193,-1.978396
43.32277,-1.98249
43.32542,-1.98304
43.18771,-2.50774
43.24762,-3.15906
43.37092,-1.79538
43.36913,-1.79717
43.31208,-1.96555
43.25719,-2.9222
43.25745,-2.91783
43.30678,-2.38579
43.27112,-2.96332
43.31791,-1.96849
43.34884,-3.01535
43.256634,-2.926616
43.14823,-2.08615
43.2599,-2.92121
43.35189,-2.84521
42.87557,-2.68482
43.25835,-2.9022
43.34658,-3.0083
43.39167,-2.98679
43.23334,-2.89037
43.18327,-2.27314
43.268,-2.92084
43.18322,-2.27329
43.254768,-2.931681
43.26761,-2.91534
43.32034,-2.00638
43.36423,-1.79288
43.28571,-2.1548
43.31597,-1.96926
43.28523,-2.15549
43.26508,-2.93005
43.26427,-2.92954
43.30213,-2.01212
43.29717,-2.47522
43.2637,-2.928
43.25686,-2.93478
43.34133,-1.77456
43.32192,-1.94171
43.25749,-2.92295
43.25156,-2.92055
42.91609,-2.49394
43.3256,-1.97019
43.254765,-2.930754
43.00753,-2.25372
43.25804,-2.93566
42.91704,-2.49332
42.91658,-2.49441
42.91635,-2.49287
42.91786,-2.49401
43.32272,-1.97704
42.85142,-2.67154
43.32734,-3.03012
43.316742,-1.982814
43.31536,-1.98848
43.14068,-2.49134
43.34958,-3.01426
43.25675,-2.94138
43.25807,-2.94135
43.25987,-2.93923
43.32475,-1.97251
43.31392,-2.00078
43.31979,-1.98288
43.32366,-1.97793
43.31811,-1.98348
43.32415,-1.987
43.30495,-2.0163
43.32488,-1.97292
43.31771,-1.9814
43.25246,-2.94759
43.25096,-2.94551
43.2528,-2.94584
43.25198,-2.94687
43.32399,-1.98439
43.32347,-1.98284
43.32302,-1.98293
43.31578,-2.67753
43.32182,-1.97418
43.4089,-2.70087
43.26574,-2.92726
43.27468,-2.97397
43.31324,-2.00498
43.26841,-2.92527
43.30795,-2.00079
42.85015,-2.66707
43.25704,-2.91853
43.32303,-1.98103
43.260475,-2.915708
42.8585,-2.69427
43.31931,-1.97974
43.31859,-1.98224
43.25479,-2.92722
43.32136,-1.97596
43.24622,-2.90659
43.25985,-2.94648
43.43077,-2.81283
43.23277,-2.85876
43.3244,-1.97245
43.31507,-1.98139
43.3521,-2.6506
42.85577,-2.67335
43.13731,-2.75481
43.25972,-2.9313
43.31483,-2.00206
43.1379,-2.44437
43.3228,-1.98518
43.40669,-2.67313
42.84714,-2.66968
43.42006,-2.73089
43.3645,-2.87404
43.3229,-1.98469
43.26865,-2.01886
43.41988,-2.72512
43.2663,-2.92333
43.3075,-3.00222
43.4096,-2.70069
43.32374,-1.98422
43.28449,-2.96217
43.29874,-2.988722
42.91791,-2.49376
43.40543,-2.94567
43.32367,-1.98324
43.31887,-1.98168
43.25882,-2.926159
43.25882,-2.926159
43.25877,-2.91918
43.32418,-1.98611
43.32406,-1.9877
42.846821,-2.356675
43.36523,-1.79323
43.31862,-1.93714
43.18789,-2.48029
43.39082,-2.69378
43.258018,-2.919128
43.36684,-3.02104
43.32978,-3.0404
43.31668,-1.98042
43.31988,-1.9801
43.32658,-1.96929
43.32639,-1.97032
43.32755,-1.97031
43.32625,-1.97027
43.355427,-3.015492
43.33506,-3.0428
43.16597,-2.6329
43.30065,-2.97989
42.548988,-2.664655
42.549164,-2.664952
42.548988,-2.664655
42.548988,-2.664655
42.54959,-2.66403
43.15572,-2.7916
43.31529,-3.07241
43.40599,-2.81923
43.2857,-2.16738
43.25781,-2.92004
43.28611,-2.17745
43.14515,-2.07094
43.32493,-1.98392
43.18505,-2.05337
43.30487,-1.97825
43.29064,-1.99719
43.26418,-2.93471
43.40844,-2.69994
43.26125,-2.93415
43.28169,-2.96108
43.18692,-2.50432
42.83748,-2.66338
43.25019,-2.9468
43.384403,-2.923645
43.29816,-2.99113
43.31849,-1.98002
43.3189,-1.97975
43.40453,-2.81169
43.30118,-2.37453
43.2547,-2.91605
43.0682,-2.12695
43.32437,-1.97632
43.29499,-1.96235
43.32042,-1.97933
43.25523,-2.928481
43.26883,-2.9623
43.40152,-2.94928
43.32468,-3.03035
43.2871,-2.17527
43.22312,-3.35805
42.80316,-2.98712
43.25884,-2.93717
43.25755,-2.92023
43.31991,-1.97822
43.17639,-2.63446
43.189796,-2.480767
43.189674,-2.480756
43.31563,-1.90514
43.26754,-2.92819
43.189281,-2.480585
43.30626,-1.97328
43.26931,-2.92871
43.2697,-2.92799
43.25769,-2.89829
43.310013,-2.008997
43.32448,-1.97323
43.31398,-2.00107
43.31685,-1.98772
43.18969,-2.480799
43.259388,-2.922363
43.259342,-2.922417
43.25494,-2.939433
43.32563,-1.97469
43.26732,-2.92954
43.26882,-2.92927
43.26893,-2.92841
43.31444,-1.90317
43.26812,-2.92986
43.26895,-2.92828
43.26923,-2.93008
43.26875,-2.9296
43.31502,-1.98557
43.31704,-1.98386
43.06293,-2.49434
42.95849,-2.84161
43.31149,-1.97271
43.28387,-2.98329
43.31737,-1.97202
43.366062,-1.81299
43.321972,-1.981845
43.26251,-2.9407
43.2746,-2.96046
43.254925,-2.930803
43.32036,-1.98015
43.32001,-1.97831
43.30315,-2.20485
43.25712,-2.92343
43.32004,-3.12473
43.23877,-2.895698
43.348679,-2.913556
43.32075,-1.97752
43.31389,-1.9879
43.26589,-2.96013
43.32291,-1.97207
43.25335,-2.93076
43.28381,-2.17498
43.34434,-2.99078
43.323837,-1.978874
42.84346,-2.6132
43.42139,-2.72154
43.31758,-1.98096
43.31817,-1.98079
43.41721,-2.72128
43.26553,-2.96147
43.32141,-1.98623
43.33043,-2.52396
43.31122,-3.04023
42.8475,-2.67338
43.38226,-2.98183
43.18022,-2.27256
43.32337,-1.94211
42.59595,-2.79738
43.26836,-2.92218
43.32247,-3.01296
43.32189,-1.96924
42.84702,-2.66209
43.31323,-1.98191
43.369701,-1.796106
43.31943,-1.98013
43.31731,-1.98122
43.31803,-1.98149
43.3193,-1.98129
43.31927,-1.98076
43.31899,-1.98016
43.31946,-1.98108
43.31895,-1.98133
43.31749,-1.9799
43.31818,-1.97993
43.31934,-1.98002
43.31798,-1.98137
43.31778,-1.98131
43.31755,-1.98068
43.38069,-1.7998
43.34233,-1.76879
43.36056,-2.50675
43.309982,-1.980948
43.32289,-1.98602
43.19908,-2.10067
43.26485,-2.93491
43.26305,-2.9152
43.19551,-2.10658
43.197521,-2.102246
43.205013,-2.126536
43.256706,-2.930842
43.318569,-1.979796
43.27231,-2.94756
43.27213,-2.94706
43.31736,-3.11306
42.82513,-2.675543
43.36416,-1.79344
43.36435,-1.7928
43.362343,-2.507687
43.32042,-1.93978
43.36657,-1.79336
43.169262,-2.631475
43.31387,-2.00188
43.2949,-2.2066
43.314636,-1.902711
43.25685,-2.93709
43.03535,-2.96064
43.293854,-2.357326
43.25799,-2.93562
43.25374,-2.94446
43.42813,-2.81045
43.25343,-2.94439
43.255039,-2.931585
43.25523,-2.928481
43.364586,-2.508538
42.62302,-2.56721
42.6238,-2.56624
42.62303,-2.566
43.38704,-2.926
43.26467,-2.92794
43.27186,-2.94869
43.36236,-1.8213
43.33814,-1.83797
43.32533,-1.97678
43.32633,-1.98399
43.32667,-1.98002
43.32566,-1.97519
43.32532,-1.97606
43.32645,-1.98435
43.35263,-1.78226
43.29812,-2.35452
43.28933,-2.16467
43.35066,-1.778
43.35208,-1.78024
43.34997,-1.77965
43.32599,-1.97412
43.42185,-2.71938
42.48084,-2.644
42.57762,-2.84509
43.34921,-1.7749
43.28803,-2.17419
42.57862,-2.84524
43.32802,-1.73622
42.48097,-2.6474
43.28842,-2.16817
42.57395,-2.84211
43.33219,-1.74511
43.36724,-2.50052
42.4835,-2.63365
43.3281,-1.9821
43.30895,-2.3812
43.28777,-2.17303
43.32621,-1.92012
43.35319,-1.78239
43.28857,-2.17222
43.28827,-2.16893
43.28948,-2.12774
43.32599,-1.9746
43.33208,-1.7382
43.38775,-2.68938
43.35203,-1.78218
43.34819,-1.77611
43.35169,-1.78078
43.3465,-1.76568
43.34963,-1.77667
43.34888,-1.77775
43.35163,-1.77824
43.35256,-1.77975
43.38745,-2.99792
43.33429,-1.74486
43.34967,-1.78243
43.3489,-1.77314
43.3216,-1.98781
43.35012,-1.78353
43.33451,-1.7422
43.34917,-1.77822
43.3521,-1.77941
43.3485,-1.77677
43.34889,-1.77361
43.3815,-1.79691
43.34944,-1.77678
43.38014,-1.79785
43.3152,-1.99454
43.32883,-1.97105
43.3511,-1.78003
43.34422,-1.7685
43.34988,-1.78101
43.34757,-1.76085
43.34649,-1.76024
43.34574,-1.7624
43.34786,-1.76507
43.34919,-1.77798
43.31867,-1.98533
43.10807,-1.9362
43.34487,-1.7657
43.34555,-1.76392
43.40479,-2.69853
43.31724,-1.98674
43.36981,-1.7925
43.36965,-1.7918
43.34396,-1.76705
43.28775,-2.17405
43.31493,-1.99378
43.31489,-1.99134
43.34937,-1.78081
43.3514,-1.77836
43.35157,-1.77971
43.3693,-1.79241
42.48116,-2.64129
43.36962,-1.79264
43.28756,-2.17413
43.352383,-1.779663
43.34918,-1.78144
43.3445,-1.7679
43.31583,-1.990972
43.31477,-1.99343
42.57829,-2.84409
43.315014,-1.992382
43.32632,-1.97421
43.31498,-1.99177
43.32536,-1.97605
43.32596,-1.97508
43.32531,-1.97604
43.32644,-1.97392
43.32516,-1.98224
43.32556,-1.98124
43.32497,-1.98136
43.32542,-1.97645
43.32516,-1.98206
43.32537,-1.98192
43.34578,-1.7729
43.35052,-1.78156
43.3386,-1.75013
43.34988,-1.78101
43.3505,-1.78157
43.326,-1.98182
43.34892,-1.7782
43.35,-1.77413
43.35062,-1.78131
43.32365,-1.73647
43.32592,-1.97624
43.3493,-1.78052
43.34725,-1.7658
43.3263,-1.98378
43.31693,-1.988
43.32519,-1.98187
43.32604,-1.9747
43.32574,-1.98186
43.32546,-1.98235
42.48124,-2.64258
43.43265,-2.89904
43.34697,-1.7629
43.35259,-1.78053
42.57633,-2.84349
42.57741,-2.84504
42.48054,-2.63942
43.28833,-2.17095
42.57635,-2.84404
43.36731,-2.5013
42.57741,-2.84388
43.35178,-1.78025
43.35206,-1.77956
43.34911,-1.77629
43.34942,-1.77772
43.35285,-1.78261
42.48049,-2.64067
42.48122,-2.64203
43.33709,-1.7488
43.34578,-1.762
43.31578,-1.99023
42.4802,-2.64148
43.35036,-1.78089
43.28844,-2.17452
